,song name,album,artist,popularity,featured,release_date,track_id,danceability,energy,key,loudness,mode,speechiness,instrumentalness,liveness,valence,tempo,duration_ms,time_signature,playlist
0,Glimpse of Us,Glimpse of Us,Joji,93,Joji,2022-06-10,6xGruZOHLs39ZbVccQTuPZ,0.44,0.317,8,-9.258,1,0.0531,4.78e-06,0.141,0.268,169.914,233456,3,This Is Joji
1,SLOW DANCING IN THE DARK,BALLADS 1,Joji,84,Joji,2018-10-26,0rKtyWc8bvkriBthvHKY8d,0.515,0.479,3,-7.458,1,0.0261,0.00598,0.191,0.284,88.964,209274,4,This Is Joji
2,YUKON (INTERLUDE),YUKON (INTERLUDE),Joji,76,Joji,2022-08-26,6c1yUgFlhUHLAM9hSDkVBq,0.736,0.71,6,-8.497,0,0.091,0.0351,0.395,0.0728,82.482,141093,4,This Is Joji
3,worldstar money (interlude),In Tongues (Deluxe),Joji,78,Joji,2018-02-14,0baNzeUcPQnQSagpe8T0mD,0.577,0.387,7,-8.607,1,0.274,0.705,0.208,0.459,146.565,126312,1,This Is Joji
4,Sanctuary,Nectar,Joji,75,Joji,2020-09-24,5F1ZmucV0uJY14y2dYKePa,0.552,0.638,1,-7.474,1,0.11,0.00014,0.374,0.332,167.834,180019,4,This Is Joji
5,YEAH RIGHT,BALLADS 1,Joji,79,Joji,2018-10-26,1VGzxJnVQND7Cg5H5wGj14,0.672,0.588,1,-9.573,1,0.133,0.241,0.0992,0.204,169.033,174358,4,This Is Joji
6,Daylight,Daylight,Joji,71,Diplo,2020-08-06,6Ed1q0X8oSKSm4IIhiQbYg,0.528,0.749,7,-7.571,1,0.0479,9.6e-05,0.0949,0.729,163.944,163906,4,This Is Joji
7,Will He,In Tongues (Deluxe),Joji,73,Joji,2018-02-14,7wvwXi9Z66dcH5t202vVkN,0.618,0.217,10,-15.372,1,0.0515,0.000163,0.538,0.0872,116.014,202103,4,This Is Joji
8,Like You Do,Nectar,Joji,72,Joji,2020-09-25,1MONUudxAjEk76FJvzGhuD,0.582,0.199,10,-10.045,1,0.0321,0.00852,0.135,0.0783,66.454,240294,4,This Is Joji
9,CAN'T GET OVER YOU (feat. Clams Casino),BALLADS 1,Joji,70,Clams Casino,2018-10-26,39oeKRgsLeynDIbWuXyA47,0.9,0.316,9,-8.797,1,0.332,0.0771,0.0853,0.844,129.914,107077,4,This Is Joji
10,Midsummer Madness,Head In The Clouds,88rising,69,Higher Brothers,2018-07-20,6TodWdTSDfzwgYynTZSvJn,0.409,0.678,9,-7.731,1,0.0878,4.76e-06,0.167,0.168,89.968,280842,4,This Is Joji
11,Demons,In Tongues (Deluxe),Joji,67,Joji,2018-02-14,77UXyXy6qie0sOtLdEIH4A,0.458,0.378,2,-11.354,0,0.15,0.0919,0.0966,0.037,168.232,176804,3,This Is Joji
12,Run,Nectar,Joji,69,Joji,2020-09-25,3AkdSFo7quCZ781KCqNK0T,0.448,0.72,7,-3.954,1,0.0332,0.000292,0.614,0.361,157.919,195000,3,This Is Joji
13,ATTENTION,BALLADS 1,Joji,68,Joji,2018-10-26,5aqu5xhPqoOWqF71PkfgM8,0.787,0.312,7,-12.401,1,0.0383,0.0224,0.115,0.425,119.899,128888,4,This Is Joji
14,Head In The Clouds,Head In The Clouds,88rising,62,Joji,2018-07-20,3kYARoLSAvt86VFZ55BQcq,0.516,0.456,9,-9.242,1,0.0397,1.27e-05,0.0847,0.238,145.843,178023,4,This Is Joji
15,I Don't Wanna Waste My Time,In Tongues (Deluxe),Joji,66,Joji,2018-02-14,72Qo3U5apeuv91j9BEqJBM,0.403,0.234,4,-17.865,1,0.0531,0.0618,0.123,0.13,144.226,164430,4,This Is Joji
16,Ew,Nectar,Joji,69,Joji,2020-09-25,7xcUWyLh6fIMsYjoVI7NnZ,0.48,0.373,10,-9.297,1,0.0278,0.067,0.12,0.0376,114.078,207710,4,This Is Joji
17,TEST DRIVE,BALLADS 1,Joji,69,Joji,2018-10-26,1DMEzmAoQIikcL52psptQL,0.646,0.648,3,-8.602,1,0.0372,0.00316,0.108,0.466,75.004,179423,4,This Is Joji
18,Breathe,Head In The Clouds II,88rising,58,Don Krez,2019-10-11,1WI8MH3HPGjzpU0ywLahwt,0.538,0.52,7,-10.143,1,0.08,0.00912,0.301,0.0775,113.081,125468,3,This Is Joji
19,Window,In Tongues (Deluxe),Joji,63,Joji,2018-02-14,6dqiwfvxb1AM5y1vyVwaa0,0.643,0.329,1,-12.598,1,0.0898,0.665,0.0958,0.202,156.959,152375,4,This Is Joji
20,Afterthought,Nectar,Joji,68,BENEE,2020-09-25,6zvqq50PL7io0rprbkrYc9,0.668,0.547,1,-8.024,1,0.0353,0.0766,0.0931,0.192,83.5,194871,4,This Is Joji
21,WANTED U,BALLADS 1,Joji,70,Joji,2018-10-26,0Y9D1Bc4fAkeZnVsGKdij6,0.305,0.715,7,-7.54,1,0.0554,0.0495,0.0906,0.29,82.977,251015,4,This Is Joji
22,Walking (feat. Swae Lee & Major Lazer),Head In The Clouds II,88rising,61,Major Lazer,2019-10-11,1qbXrxctv75pm1lWCn6Zw3,0.701,0.663,6,-7.227,1,0.202,1.04e-05,0.131,0.334,100.001,167080,4,This Is Joji
23,Pills,In Tongues (Deluxe),Joji,61,Joji,2018-02-14,5xwKCPdE3kyU0XwqfbyQsx,0.454,0.407,11,-10.733,1,0.0739,0.774,0.117,0.242,81.401,187134,3,This Is Joji
24,Gimme Love,Nectar,Joji,69,Joji,2020-09-25,0HItcI6qN6Dr4MC3CZryQh,0.484,0.632,5,-6.917,1,0.0976,0.0243,0.209,0.0736,126.384,214558,3,This Is Joji
25,Thinking Bout You,Xeno,rei brown,57,Joji,2022-07-08,7HJbpVOycx32pDjWvpF9hp,0.67,0.711,9,-7.786,1,0.0563,0.00149,0.242,0.509,163.998,190947,4,This Is Joji
26,From You,Fragments,Bonobo,56,Joji,2022-01-14,6t2gHlvw7kTK6M7M5f7S6K,0.655,0.499,0,-10.039,0,0.0433,0.763,0.111,0.255,140.022,210280,4,This Is Joji
27,Introvert (feat. Joji),Amen,Rich Brian,60,Joji,2018-02-02,3qbqWUDl9j09PeBaQ6CZgr,0.836,0.686,1,-4.673,1,0.0413,0.00231,0.0681,0.632,110.029,222259,4,This Is Joji
28,Besidju,Besidju,shamana,55,Joji,2016-11-11,3nUyfV0XhG8sysUfgEDmdI,0.747,0.413,5,-15.392,0,0.409,0.000792,0.123,0.221,105.053,107442,4,This Is Joji
29,La Cienega,Head In The Clouds,88rising,58,NIKI,2018-07-20,3iGz75NJkqHubYUMRELLyP,0.61,0.318,8,-9.95,1,0.148,0.000617,0.102,0.214,109.491,192607,3,This Is Joji
30,Think About U (feat. Joji),Elsewhere,Ryan Hemsworth,55,Joji,2018-09-21,4yakjUoss5rjOdPWQ8mW6Q,0.324,0.353,0,-10.119,1,0.0335,0.139,0.262,0.0569,121.788,168975,4,This Is Joji
31,Gates to the Sun (POLLEN Singles),Gates to the Sun (POLLEN Singles),SahBabii,57,Joji,2020-09-16,6EG0w98d2S1u1copDAHDqP,0.717,0.459,4,-11.101,1,0.236,0.0123,0.143,0.373,143.948,135748,4,This Is Joji
32,Where Does The Time Go (feat. Joji),The Sailor,Rich Brian,54,Joji,2019-07-26,0D7EgPJwNzBTSej80OveHZ,0.642,0.553,2,-6.573,1,0.0265,9.79e-06,0.112,0.129,139.925,251289,4,This Is Joji
33,Peach Jam,Head In The Clouds,88rising,56,BlocBoy JB,2018-07-20,6dktyiCWz2JYGmcPQ5D5dY,0.857,0.668,7,-6.816,1,0.052,0.000595,0.101,0.624,89.986,161713,4,This Is Joji
34,Keeping Tabs,Nicole,NIKI,64,NIKI,2022-08-12,2zz4plJxtgMIsQg5SMl2Bg,0.651,0.627,7,-6.842,1,0.164,0,0.0941,0.441,169.955,177720,4,This Is NIKI
35,Oceans & Engines,Oceans & Engines,NIKI,71,NIKI,2022-07-08,3vZk7OAUjMtVDNC852aNqi,0.395,0.309,1,-8.919,1,0.033,2.17e-05,0.0931,0.0673,142.012,336001,3,This Is NIKI
36,High School in Jakarta,High School in Jakarta,NIKI,76,NIKI,2022-08-05,5rbuv6zso7QSaKt265H3M3,0.871,0.485,7,-8.294,0,0.0411,7.37e-05,0.169,0.494,119.976,219036,4,This Is NIKI
37,Every Summertime,Every Summertime,NIKI,79,NIKI,2021-08-10,68HocO7fx9z0MgDU0ZPHro,0.628,0.676,6,-4.227,1,0.0424,6.94e-05,0.0978,0.723,78.996,215687,4,This Is NIKI
38,lowkey,lowkey,NIKI,77,NIKI,2019-04-24,5TTXEcfsYLh6fTarLaevTi,0.752,0.494,0,-8.18,1,0.0559,0,0.0869,0.227,117.901,171356,4,This Is NIKI
39,I Like U,I Like U,NIKI,71,NIKI,2017-09-27,6f7BE3VcZScJx6n3wsf5Z3,0.48,0.526,5,-7.099,1,0.275,0,0.0879,0.374,199.662,267733,3,This Is NIKI
40,urs,wanna take this downtown?,NIKI,68,NIKI,2019-05-17,50oEtTUNlce4TuZXQoJzXW,0.72,0.415,0,-9.527,1,0.354,1.01e-06,0.0893,0.235,94.88,156501,4,This Is NIKI
41,Before,Before,NIKI,56,NIKI,2022-06-03,3z6Gmz2jadZZ9y5FOIWAqF,0.67,0.602,10,-8.731,1,0.131,6.66e-05,0.119,0.321,140.012,234058,4,This Is NIKI
42,Lose,MOONCHILD,NIKI,65,NIKI,2020-09-10,5vPO5ouEv8iedKWxzmSv7b,0.41,0.316,0,-8.13,1,0.029,0,0.124,0.22,133.288,256001,4,This Is NIKI
43,California (feat. Warren Hue),California (feat. Warren Hue),88rising,62,Warren Hue,2021-05-27,3Qj2f7BrpJNGj3dbxKpOlp,0.743,0.631,7,-5.815,0,0.0302,0,0.0963,0.428,141.955,230395,4,This Is NIKI
44,La La Lost You - Acoustic Version,NIKI Acoustic Sessions: Head In The Clouds II,NIKI,70,88rising,2019-08-11,5WkCcSa78lM1Ym4LXzJUiN,0.606,0.196,1,-11.652,1,0.0553,0,0.348,0.391,100.873,208511,4,This Is NIKI
45,La La Lost You,Head In The Clouds II,88rising,67,NIKI,2019-10-11,5Htq8DDDN0Xce9MwqzAzui,0.721,0.582,2,-8.251,1,0.0411,0.000559,0.065,0.487,100.083,200000,4,This Is NIKI
46,Vintage,Zephyr,NIKI,61,NIKI,2018-05-23,1NCUe90ZCiWTnWn3umrwqw,0.771,0.816,2,-7.104,1,0.0581,0.000963,0.339,0.438,104.958,177320,4,This Is NIKI
47,Chilly,Chilly,NIKI,57,NIKI,2017-12-18,6H3TW6uEe3RxW8CcnXJfq2,0.734,0.271,7,-11.932,1,0.382,5.27e-06,0.101,0.237,103.241,230000,3,This Is NIKI
48,La Cienega,Head In The Clouds,88rising,58,NIKI,2018-07-20,3iGz75NJkqHubYUMRELLyP,0.61,0.318,8,-9.95,1,0.148,0.000617,0.102,0.214,109.491,192607,3,This Is NIKI
49,Split,Split,88rising,62,NIKI,2021-11-18,7AE1oyRpPGoSwDs8b9XBO0,0.691,0.509,8,-8.343,1,0.0352,0.00682,0.0885,0.473,113.961,207014,3,This Is NIKI
50,Around,Zephyr,NIKI,56,NIKI,2018-05-23,6tv9CzrMUHQFrm9VHHO1hv,0.485,0.125,0,-16.486,1,0.0438,3.88e-06,0.108,0.153,130.234,183547,4,This Is NIKI
51,Indigo,Head In The Clouds II,88rising,62,NIKI,2019-10-11,349Wc5mDu52d4Uv8Eg9WZv,0.819,0.664,7,-5.612,1,0.0828,1.75e-06,0.263,0.71,144.988,173473,4,This Is NIKI
52,See U Never,See U Never,NIKI,54,NIKI,2017-07-11,5nPdol1JZWJqG4OSHVzSCF,0.795,0.735,11,-4.628,0,0.037,0,0.0719,0.243,129.982,221620,4,This Is NIKI
53,odds,wanna take this downtown?,NIKI,49,NIKI,2019-05-17,6PUtUVzOu0Wj6RvoJKini9,0.593,0.469,0,-7.44,1,0.527,0,0.141,0.401,165.038,183272,4,This Is NIKI
54,Dancing With The Devil,Zephyr,NIKI,50,NIKI,2018-05-23,6sjlDvvIQskeRtipoastyN,0.76,0.558,5,-8.105,0,0.0455,0.00321,0.119,0.462,102.057,162467,4,This Is NIKI
55,Pandemonium,MOONCHILD,NIKI,48,NIKI,2020-09-10,3VcvuUeWhOP0LAxtaRpWe5,0.699,0.515,8,-7.898,0,0.0452,0.13,0.164,0.517,78.0,227000,4,This Is NIKI
56,California (feat. Jackson Wang & Warren Hue) - [Remix],California (feat. Jackson Wang & Warren Hue) [Remix],88rising,52,Jackson Wang,2021-07-15,1SZcEr3Wo7vvK4UUn3bi8v,0.773,0.629,7,-6.232,0,0.0283,1.11e-06,0.189,0.589,141.958,273927,4,This Is NIKI
57,Strange Land - Acoustic Version,NIKI Acoustic Sessions: Head In The Clouds II,NIKI,50,88rising,2019-08-11,11cqsCFJayk8dLyJqPvGvp,0.505,0.207,9,-14.205,0,0.0535,7.28e-05,0.126,0.185,74.839,173420,4,This Is NIKI
58,Say My Name,Zephyr,NIKI,51,NIKI,2018-05-23,6RwOlJGjOcJavqKxqpYT73,0.637,0.457,6,-10.11,0,0.07,2.73e-05,0.0969,0.314,149.893,192453,4,This Is NIKI
59,Plans (feat. Vory),Head In The Clouds,88rising,51,Vory,2018-07-20,2W8d6AkRCP2qD89z1zK5MJ,0.917,0.541,0,-8.345,1,0.0944,3.25e-05,0.0409,0.752,101.005,138391,4,This Is NIKI
60,Little Prince (feat. NIKI),Amen,Rich Brian,49,NIKI,2018-02-02,3jKJnHixssQxdCShjpirKQ,0.909,0.414,0,-7.337,1,0.0514,2.49e-05,0.109,0.761,139.963,172445,4,This Is NIKI
61,Shouldn't Couldn't Wouldn't - Acoustic Version,NIKI Acoustic Sessions: Head In The Clouds II,NIKI,50,88rising,2019-08-11,6tzaG5ceUaujYRR1pdTZcv,0.636,0.21,4,-7.438,1,0.0377,0,0.0837,0.25,76.379,162000,3,This Is NIKI
62,Newsflash!,Zephyr,NIKI,52,NIKI,2018-05-23,4jbA7VSQHZeWLktuUuHWbz,0.734,0.373,7,-8.997,0,0.146,0,0.0913,0.481,79.998,204427,4,This Is NIKI
63,COMING HOME (feat. NIKI),"LET’S JUST SAY THE WORLD ENDED A WEEK FROM NOW, WHAT WOULD YOU DO?",HONNE,58,NIKI,2021-10-22,2Fi2cetg7bOf46lBRyAgHl,0.826,0.329,2,-10.015,1,0.0765,0.000878,0.0927,0.558,106.935,210020,4,This Is NIKI
64,Plot Twist,MOONCHILD,NIKI,54,NIKI,2020-09-09,5wDbCy1UXyCV79jpTm4xyF,0.801,0.488,6,-9.609,1,0.0618,0.00855,0.0902,0.357,96.987,207213,4,This Is NIKI
65,Shouldn't Couldn't Wouldn't,Head In The Clouds II,88rising,52,Rich Brian,2019-10-11,16ox7ZM0ozbzBOTjFecYuY,0.454,0.379,5,-8.199,1,0.132,2.53e-06,0.0837,0.275,169.055,195052,3,This Is NIKI
66,Spell,Zephyr,NIKI,49,NIKI,2018-05-23,2Nle18pvNRfHpO8hmeJQrP,0.736,0.359,2,-13.498,1,0.0515,7.93e-05,0.109,0.414,132.011,226813,4,This Is NIKI
67,move!,wanna take this downtown?,NIKI,49,NIKI,2019-05-17,39rYdh4MkbRdoA7jvMUYYN,0.829,0.49,6,-7.003,1,0.508,0,0.0861,0.801,126.922,156177,4,This Is NIKI
68,Switchblade,MOONCHILD,NIKI,45,NIKI,2020-09-10,7b6z03ctOD39o4Cez0wr0X,0.694,0.69,6,-6.248,1,0.0845,0.000674,0.0397,0.304,97.027,204299,4,This Is NIKI
69,Strange Land,Head In The Clouds II,88rising,53,Phum Viphurit,2019-10-11,5DrCWAaQ8zklweBa9abFIu,0.65,0.265,1,-15.357,1,0.0503,0.385,0.115,0.156,75.002,175734,4,This Is NIKI
70,Warpaint,Head In The Clouds,88rising,46,NIKI,2018-07-20,3j1fOrxmfuym91Cf9v397b,0.68,0.658,1,-5.356,1,0.0535,0.0324,0.109,0.278,128.921,213788,4,This Is NIKI
71,Swan Song,Shang-Chi and The Legend of The Ten Rings: The Album,88rising,50,NIKI,2021-09-03,790TzR1UxBXVMFSGq8p7bv,0.714,0.587,5,-5.124,0,0.0401,0,0.167,0.542,151.898,167587,4,This Is NIKI
72,Drive On,MOONCHILD,NIKI,44,NIKI,2020-09-10,6dB4Y5ydC6cc7jsqr71ip8,0.681,0.413,2,-10.312,1,0.0316,0.00112,0.0978,0.226,114.994,217693,4,This Is NIKI
73,Hallway Weather,Hallway Weather,NIKI,46,NIKI,2020-12-15,0XYC5esjcwkqAYVtPvEUST,0.507,0.359,7,-10.74,1,0.0268,0,0.0904,0.165,139.561,233673,4,This Is NIKI
74,Selene,Selene,NIKI,47,NIKI,2020-07-16,0h11wE1hTwKMxYd1NACgNb,0.798,0.504,11,-9.082,0,0.214,0.00448,0.0825,0.548,110.022,197455,4,This Is NIKI
75,Always Rising,Shang-Chi and The Legend of The Ten Rings: The Album,88rising,50,Warren Hue,2021-09-03,7m4xUEEivwPGz4U0TA1TWD,0.376,0.694,5,-6.381,1,0.261,1.93e-06,0.102,0.0399,75.625,184080,4,This Is NIKI
76,If There's Nothing Left...,MOONCHILD,NIKI,43,NIKI,2020-09-10,5UKViIqKCbWcZnGEALL3GE,0.499,0.396,4,-9.256,1,0.047,0.000887,0.0946,0.287,80.025,210440,4,This Is NIKI
77,I Want In,Head In The Clouds,88rising,41,NIKI,2018-07-20,5ZaaHM8HRizjncGBAIfK0C,0.493,0.69,7,-4.768,1,0.275,0,0.126,0.478,76.85,150295,5,This Is NIKI
78,No More (feat. NIKI),Five Stars,Higher Brothers,38,NIKI,2019-02-22,7lxcmd6V6iFDgtw9urFsGB,0.75,0.651,10,-6.684,0,0.11,2.15e-06,0.0776,0.61,142.118,229859,4,This Is NIKI
79,Clocked Out!,Shang-Chi and The Legend of The Ten Rings: The Album,88rising,44,NIKI,2021-09-03,4aZXxStzucuminkE8up916,0.743,0.72,0,-7.789,1,0.14,0.00333,0.287,0.117,127.983,190080,4,This Is NIKI
80,Forever (feat. NIKI),Chameleon,End of the World,33,NIKI,2020-11-27,2wyp1XPf7VKe7mTljnsMs8,0.582,0.762,11,-5.792,1,0.0633,0,0.364,0.372,81.009,176187,4,This Is NIKI
81,Poolside Manor,Head In The Clouds,88rising,39,NIKI,2018-07-20,6XexzlVsjQOuNQ5pcfWOdq,0.588,0.541,10,-7.212,1,0.0626,0,0.107,0.0816,77.478,170527,4,This Is NIKI
82,New Tooth,New Tooth,Rich Brian,50,Rich Brian,2021-11-04,2cyD0OE6HQwSk2nmDcQx1O,0.788,0.678,4,-8.584,0,0.0386,0.233,0.141,0.39,120.019,220000,4,This Is Rich Brian
83,Run It (feat. Rick Ross & Rich Brian),Shang-Chi and The Legend of The Ten Rings: The Album,88rising,68,Rich Brian,2021-09-03,5x4vgABKiGp4Vg7ZyFRxhn,0.688,0.725,2,-7.806,1,0.044,7.63e-06,0.0726,0.225,104.006,163373,4,This Is Rich Brian
84,Lazy Susan (with Rich Brian feat. Warren Hue & Masiwei),Shang-Chi and The Legend of The Ten Rings: The Album,88rising,51,Masiwei,2021-09-03,2XbG1IRDzoQQzLJSmwWIqC,0.766,0.825,11,-5.622,0,0.299,0.0,0.102,0.646,155.967,279960,4,This Is Rich Brian
85,edamame (feat. Rich Brian),edamame (feat. Rich Brian),bbno$,75,Rich Brian,2021-07-24,1uMHCAyGmHqyygoNRuo7MV,0.815,0.848,4,-4.704,0,0.115,0.000162,0.0265,0.684,106.032,133707,4,This Is Rich Brian
86,Sydney,Sydney,Rich Brian,46,Rich Brian,2021-03-16,3OzZSSRbdIr1Jojw1rHUB1,0.62,0.476,11,-12.759,0,0.0724,0.0,0.135,0.602,161.168,194240,4,This Is Rich Brian
87,DOA,1999,Rich Brian,45,Rich Brian,2020-08-24,1nTvyaoTiHhsAiEMaWk2Ik,0.603,0.611,0,-7.787,0,0.0478,0.0,0.109,0.317,86.001,161163,4,This Is Rich Brian
88,Don't Care,Don't Care,Rich Brian,43,Rich Brian,2020-08-18,5ikdrhBackb0NBru3psf0o,0.642,0.569,1,-9.38,1,0.0476,0.0,0.105,0.194,140.095,164571,4,This Is Rich Brian
89,Love In My Pocket,Love In My Pocket,Rich Brian,41,Rich Brian,2020-07-09,4Ep8QJvoIyQdiMPT2dCORB,0.829,0.597,0,-7.962,0,0.0345,0.0,0.11,0.782,113.011,223093,4,This Is Rich Brian
90,BALI,BALI,Rich Brian,39,Guapdad 4000,2020-04-09,3lm8jJdsH8Gxs0qwKljoGb,0.864,0.642,5,-6.342,0,0.0514,0.0,0.22,0.622,129.995,199385,4,This Is Rich Brian
91,TITANIC (feat. Rich Brian),MIRRORS,Jackson Wang,53,Rich Brian,2019-10-25,6k6pPAqLxleqb3fbMtVjxe,0.894,0.748,11,-8.22,0,0.338,0.0,0.057,0.697,99.983,141147,4,This Is Rich Brian
92,2 The Face,Head In The Clouds II,88rising,42,Higher Brothers,2019-10-11,01ibNvCrbTdwOcqIcroORv,0.649,0.684,10,-7.601,0,0.0814,1.18e-05,0.141,0.342,171.994,151532,4,This Is Rich Brian
93,Dat $tick,Dat $tick,Rich Brian,62,Rich Brian,2016-03-11,4bdJHQp90ymjEIkkYhcENB,0.923,0.508,1,-8.668,1,0.0468,1.21e-05,0.126,0.168,108.039,126667,4,This Is Rich Brian
94,Hopscotch (feat. Barney Bones & Rich Brian),Head In The Clouds II,88rising,42,Barney Bones,2019-10-11,1ku9v2nPDKK39L764uUlVI,0.905,0.609,1,-7.642,0,0.308,0.000224,0.153,0.447,85.04,205787,4,This Is Rich Brian
95,These Nights,Head In The Clouds II,88rising,48,CHUNG HA,2019-10-11,5795rPYTG0IWVfSJoptauo,0.656,0.673,6,-6.588,1,0.0477,0.0199,0.28,0.494,83.018,223007,4,This Is Rich Brian
96,Glow Like Dat,Glow Like Dat,Rich Brian,50,Rich Brian,2017-08-15,4Tulf6yVo59f2ofSi3YUqW,0.787,0.586,10,-9.64,1,0.0695,0.000311,0.118,0.581,140.036,210862,4,This Is Rich Brian
97,Rapapapa (feat. RZA),The Sailor,Rich Brian,50,RZA,2019-07-26,7sPoDigIbCWDS6AZmOhSRR,0.782,0.752,3,-4.622,0,0.214,0.0,0.114,0.504,126.936,247166,4,This Is Rich Brian
98,Gold Coast,Head In The Clouds II,88rising,44,Rich Brian,2019-10-11,2f40gs0QFsXr6u656dI1xn,0.577,0.649,0,-8.447,1,0.0313,0.0,0.339,0.266,129.97,241846,4,This Is Rich Brian
99,Drive Safe,The Sailor,Rich Brian,61,Rich Brian,2019-07-26,6eDfe957aV4sqGnDhlSikJ,0.635,0.312,7,-8.134,1,0.0265,0.0,0.138,0.414,98.017,240118,4,This Is Rich Brian
100,The Sailor,The Sailor,Rich Brian,46,Rich Brian,2019-07-26,4dV4G96hqT5qCU9v7JBCk2,0.455,0.566,11,-8.763,0,0.142,5.24e-05,0.696,0.393,119.935,220834,4,This Is Rich Brian
101,Yellow (feat. Bekon),The Sailor,Rich Brian,48,Bekon,2019-07-26,3PPAFAhNAvJYs74JnujgGq,0.447,0.53,0,-5.028,1,0.028,4.25e-05,0.351,0.0621,75.917,291870,4,This Is Rich Brian
102,100 Degrees,The Sailor,Rich Brian,59,Rich Brian,2019-07-26,2ZDpSQfBdgkooeXw6oj3Uz,0.756,0.648,0,-5.287,1,0.0731,0.0,0.515,0.657,80.979,166146,4,This Is Rich Brian
103,Who That Be,Who That Be,Rich Brian,47,Rich Brian,2016-08-09,1XSvndyw6uqVW1ekRZsJUp,0.959,0.47,0,-11.53,1,0.166,0.0,0.0806,0.964,129.995,134880,4,This Is Rich Brian
104,Kids,The Sailor,Rich Brian,46,Rich Brian,2019-07-26,5zXK1z8U96zU3tZlFFXYdH,0.635,0.694,1,-3.549,1,0.159,0.0,0.141,0.398,85.809,270131,4,This Is Rich Brian
105,Attention (feat. Offset),Amen,Rich Brian,50,Offset,2018-02-02,16wWFYS9S4hKBk2Ofj3Ss6,0.884,0.547,11,-7.492,1,0.387,0.0,0.124,0.425,158.019,170200,4,This Is Rich Brian
106,Slow Down Turbo,The Sailor,Rich Brian,46,Rich Brian,2019-07-26,5cdmj1cvGZovYsd8nSjtsF,0.389,0.518,7,-7.679,0,0.12,0.0688,0.182,0.0392,78.114,239715,4,This Is Rich Brian
107,Confetti,The Sailor,Rich Brian,42,Rich Brian,2019-07-26,2Wpf66d6S1qZO4Mt39PvEz,0.77,0.762,1,-4.298,1,0.118,0.0,0.0809,0.326,141.052,172023,4,This Is Rich Brian
108,Curious,The Sailor,Rich Brian,49,Rich Brian,2019-07-26,1nbS9XTgYPM9dONkXtDECB,0.817,0.433,6,-7.26,1,0.0501,1.52e-06,0.106,0.9,111.059,225499,4,This Is Rich Brian
109,Vacant,The Sailor,Rich Brian,42,Rich Brian,2019-07-26,1M86gMpkoaXg83hOdGGhCw,0.573,0.483,0,-9.313,0,0.141,6.92e-06,0.266,0.301,192.101,152521,4,This Is Rich Brian
110,No Worries,The Sailor,Rich Brian,42,Rich Brian,2019-07-26,5ygNO0E9Nido0T6oJ8WqDU,0.563,0.58,10,-8.226,1,0.0836,0.0,0.134,0.14,79.194,163353,4,This Is Rich Brian
111,Introvert (feat. Joji),Amen,Rich Brian,60,Joji,2018-02-02,3qbqWUDl9j09PeBaQ6CZgr,0.836,0.686,1,-4.673,1,0.0413,0.00231,0.0681,0.632,110.029,222259,4,This Is Rich Brian
112,Cold,Amen,Rich Brian,52,Rich Brian,2018-02-02,0nKpHGrnuejevp6openGaF,0.648,0.734,0,-6.289,1,0.298,0.0,0.0938,0.196,167.044,228433,4,This Is Rich Brian
113,Gospel,Gospel,Rich Brian,64,XXXTENTACION,2017-05-12,2PqSNVmiEQpFkLoNPoDfwI,0.681,0.659,9,-6.405,1,0.268,8.17e-06,0.11,0.225,156.004,173294,4,This Is Rich Brian
114,Where Does The Time Go (feat. Joji),The Sailor,Rich Brian,54,Joji,2019-07-26,0D7EgPJwNzBTSej80OveHZ,0.642,0.553,2,-6.573,1,0.0265,9.79e-06,0.112,0.129,139.925,251289,4,This Is Rich Brian
115,Seventeen,Seventeen,Rich Brian,40,Rich Brian,2016-12-21,5Mbz3t8k16WjlDkmXBxmlf,0.8,0.392,11,-15.392,1,0.358,1.66e-05,0.448,0.285,144.999,163931,4,This Is Rich Brian
116,watch out!,watch out!,Rich Brian,40,Rich Brian,2018-04-04,4DGmoB9LuGlOY91jFugBYU,0.865,0.686,1,-8.812,1,0.275,0.000112,0.327,0.385,160.019,156000,4,This Is Rich Brian
117,Crisis (feat. 21 Savage),Crisis (feat. 21 Savage),Rich Brian,45,21 Savage,2017-11-10,60KSdUUY3dtPOFpvTf0wNm,0.898,0.671,11,-5.939,0,0.228,4.95e-05,0.119,0.668,144.989,216190,4,This Is Rich Brian
118,Chaos,Chaos,Rich Brian,42,Rich Brian,2017-10-05,2CvcVMkyBhXHD9d0QIpw4X,0.809,0.581,10,-8.294,0,0.195,0.000513,0.345,0.369,149.949,132038,4,This Is Rich Brian
119,Trespass,Amen,Rich Brian,42,Rich Brian,2018-02-02,3oYIm3GyXki3zEX6It90Wi,0.823,0.798,0,-5.444,1,0.172,0.013,0.404,0.384,140.062,179181,4,This Is Rich Brian
120,Little Prince (feat. NIKI),Amen,Rich Brian,49,NIKI,2018-02-02,3jKJnHixssQxdCShjpirKQ,0.909,0.414,0,-7.337,1,0.0514,2.49e-05,0.109,0.761,139.963,172445,4,This Is Rich Brian
121,See Me,Amen,Rich Brian,46,Rich Brian,2018-02-02,17I8HJ0rI760NXwve92rpO,0.854,0.578,5,-8.824,1,0.0889,1.1e-06,0.0844,0.306,137.025,212472,4,This Is Rich Brian
122,Amen,Amen,Rich Brian,44,Rich Brian,2018-02-02,4gAakyurZ4cbgnPyTuswp7,0.918,0.684,11,-9.208,0,0.285,3.16e-06,0.0907,0.774,140.077,116710,4,This Is Rich Brian
123,18,18,Various Artists,45,Baauer,2018-01-16,3wrPaT9MQxCG1LQmNvNRed,0.632,0.629,2,-5.935,1,0.258,0.0,0.344,0.207,179.882,254508,4,This Is Rich Brian
124,Flight,Amen,Rich Brian,42,Rich Brian,2018-02-02,2vyEkiHFDjWW19k0h3uvFv,0.77,0.564,0,-5.615,1,0.0421,0.00306,0.103,0.348,97.35,177463,4,This Is Rich Brian
125,Occupied,Amen,Rich Brian,42,Rich Brian,2018-02-02,7tCtApWNvLIIlplk3NieWx,0.819,0.823,11,-7.491,1,0.132,0.000422,0.0676,0.805,82.5,161804,4,This Is Rich Brian
126,Arizona (feat. AUGUST 08),Amen,Rich Brian,43,AUGUST 08,2018-02-02,3q0UN40vV6mI7TT560Ry5l,0.651,0.526,8,-10.886,1,0.356,0.0,0.386,0.509,95.049,292381,4,This Is Rich Brian
127,The Weekend,The Weekend,88rising,69,BIBI,2021-10-14,5q3LwAHTqo9d3rET2EA9Nq,0.784,0.521,1,-5.701,1,0.0322,4.75e-06,0.0995,0.817,101.491,167662,4,This Is BIBI
128,LAW (Prod. Czaer),Street Man Fighter Original Vol.3 (Mission by Rank),Various Artists,71,BIBI,2022-09-06,0VES0jpNQEdRpD31gYDIMe,0.756,0.9,2,-4.428,1,0.0843,0.000111,0.237,0.55,128.054,189373,4,This Is BIBI
129,Best Lover,Head In The Clouds Forever,88rising,66,BIBI,2022-04-16,0iWFz0Q5Qha9bx325ocFWq,0.74,0.663,7,-5.393,1,0.272,0.0,0.121,0.519,82.004,152911,4,This Is BIBI
130,Animal Farm,Animal Farm,BIBI,69,BIBI,2022-09-27,3gAXVQOR0h7Ks71lsr5MFZ,0.617,0.57,5,-4.28,0,0.0308,5.92e-06,0.55,0.375,107.971,203946,3,This Is BIBI
131,KAZINO,KAZINO,BIBI,65,BIBI,2020-04-29,245onUPHGD1DYuiacxTuW0,0.625,0.686,6,-3.715,0,0.0414,0.0,0.11,0.263,133.041,185947,4,This Is BIBI
132,BAD SAD AND MAD,Life is a Bi…,BIBI,63,BIBI,2021-04-28,0zPbUxvYRlCGwruakkXPLI,0.746,0.558,0,-7.47,0,0.088,0.00019,0.0904,0.638,90.013,154988,4,This Is BIBI
133,"Very, Slowly",Twenty-Five Twenty-One OST Part 3,BIBI,60,BIBI,2022-02-20,7GkHIsnziYgk6j1lx2TK6H,0.528,0.423,8,-7.381,1,0.0264,0.00148,0.167,0.249,135.917,214852,4,This Is BIBI
134,MotoSpeed 24,Sweet Sorrow of Mother,BIBI,57,BIBI,2022-10-24,0BPwEuU9qegqVSob1Ihm97,0.61,0.597,11,-5.169,1,0.0294,1.81e-05,0.136,0.295,95.004,133905,4,This Is BIBI
135,Restless,LISTEN 035 Restless,BIBI,60,BIBI,2020-02-02,4AHNi316rl3KI3hKIsdxZe,0.575,0.607,5,-6.897,1,0.0274,0.000112,0.115,0.298,89.985,267080,4,This Is BIBI
136,Maybe if,"Our Beloved Summer (Original Television Soundtrack), Pt. 2",BIBI,58,BIBI,2021-12-13,6MxIazgQENgaa6StpFxGpu,0.593,0.437,0,-7.098,1,0.0552,0.0,0.0919,0.484,121.662,209600,4,This Is BIBI
137,Life is a Bi…,Life is a Bi…,BIBI,59,BIBI,2021-04-28,4d79iPe88TzFewhFk2vrcy,0.722,0.501,10,-6.113,0,0.0625,0.0,0.0857,0.541,144.076,156742,4,This Is BIBI
138,PADO,PADO,BIBI,55,BIBI,2021-09-10,1PSDpiTgnkxHc7GhKrHCaA,0.69,0.784,5,-5.235,1,0.0324,0.0,0.152,0.642,120.101,193133,4,This Is BIBI
139,비누,비누,BIBI,55,BIBI,2019-05-15,0lSJQip2wVidbu1JfZ4IEQ,0.842,0.522,4,-5.815,0,0.0329,0.0,0.191,0.641,119.045,182200,4,This Is BIBI
140,Sweet Sorrow of Mother,Sweet Sorrow of Mother,BIBI,53,BIBI,2022-10-24,6s7KK3ktVQaLNjiIVxlmV2,0.736,0.148,9,-9.725,1,0.0594,0.0,0.13,0.863,148.101,66430,4,This Is BIBI
141,Dingo X BIBI - she got it,Dingo X BIBI - she got it,BIBI,54,BIBI,2020-08-06,29wNMwCoKetR1EdruKR3I9,0.757,0.687,7,-5.485,0,0.0443,0.0,0.115,0.583,99.992,215736,4,This Is BIBI
142,Never Gonna Come Down,Shang-Chi and The Legend of The Ten Rings: The Album,88rising,51,BIBI,2021-09-03,2u2QmdOex0MnbWuHmC7jcD,0.777,0.689,11,-5.291,1,0.0785,0.0,0.062,0.873,150.036,203800,4,This Is BIBI
143,Umm… Life,Life is a Bi…,BIBI,49,BIBI,2021-04-28,1VUMGh78m27FPB1vXL9ipW,0.809,0.427,11,-7.948,0,0.0355,0.0277,0.0979,0.127,104.032,131210,4,This Is BIBI
144,Crazy Like You (feat. BIBI),"Bare&Rare, Pt. 1",CHUNG HA,50,BIBI,2022-07-11,0oUK4m2wNIBPfejlcB1N9k,0.536,0.639,9,-3.999,0,0.0447,0.0,0.209,0.502,170.94,175480,3,This Is BIBI
145,Step?,Step?,BIBI,50,BIBI,2019-11-28,3fU8FWNIgHEOepLTidZWyq,0.644,0.517,2,-7.812,1,0.0525,0.000488,0.0876,0.212,160.048,191667,4,This Is BIBI
146,AUTOMATIC,AUTOMATIC,Various Artists,51,Moon Sujin,2020-10-14,2xYnqYBNL62ypPiA0wjD0s,0.72,0.703,8,-5.281,1,0.0409,0.0,0.121,0.492,99.999,268293,4,This Is BIBI
147,Eat My Love,Eat My Love,BIBI,48,BIBI,2021-02-01,0nkmvo78mFGGRab2BwK37i,0.833,0.743,8,-4.408,1,0.0367,0.0,0.104,0.802,119.981,162867,4,This Is BIBI
148,PIRI the dog,Life is a Bi…,BIBI,47,BIBI,2021-04-28,6gabKCONBTCv2n84TzKqU7,0.872,0.466,11,-7.113,1,0.0637,2.7e-05,0.126,0.348,138.039,140827,4,This Is BIBI
149,나비,사랑하는 사람들을 위한 지침서,BIBI,47,BIBI,2019-06-12,51bAYkcnw2WvMo4tps2txV,0.535,0.787,8,-4.193,0,0.112,2.41e-06,0.074,0.777,184.003,193430,4,This Is BIBI
150,Eleven (feat. BIBI),Blueline,twlv,46,BIBI,2019-03-15,1UaHqU3pJSczM0SijabTtn,0.502,0.576,6,-6.145,1,0.0466,0.0,0.17,0.205,89.897,196520,4,This Is BIBI
151,Hanryang,Hanryang,Min Kyunghoon,49,BIBI,2020-12-19,2JHHa7MKQahUQi5d4At1GZ,0.698,0.729,2,-3.67,1,0.101,0.0,0.0918,0.306,140.083,202867,4,This Is BIBI
152,Birthday Cake,Life is a Bi…,BIBI,46,BIBI,2021-04-28,7pWDe8ZTlJhviurwrCYU1c,0.645,0.276,1,-9.343,0,0.0423,1.46e-05,0.0926,0.415,107.933,136841,4,This Is BIBI
153,She Said (with BIBI),with HER,Crush,46,BIBI,2020-10-20,53ea1y50REK9XOjzEmsm4W,0.685,0.655,10,-4.749,0,0.129,0.0,0.102,0.574,142.087,208787,4,This Is BIBI
154,I'm good at goodbyes,I'm good at goodbyes,BIBI,45,BIBI,2020-07-10,71dXEYXl5IwX9EkHrrKj07,0.663,0.517,3,-6.904,0,0.0987,2.32e-05,0.109,0.344,90.07,204187,4,This Is BIBI
155,EVERYTHING,EVERYTHING,Way Ched,46,ASH ISLAND,2020-11-15,1KW2m4ofkMZOLSFCb5Hjug,0.745,0.728,4,-4.846,0,0.0606,0.0,0.0995,0.717,95.021,206393,4,This Is BIBI
156,Meu Tempo (Feat. BIBI & Simon Dominic) (Prod. GRAY),School Rapper4 Semi Final 1,Various Artists,44,Simon Dominic,2021-04-10,1nM7C8olIT4wk6Fji2ILYd,0.754,0.888,7,-1.959,1,0.0658,3.71e-05,0.0793,0.621,105.035,197714,4,This Is BIBI
157,Love & hate (Feat. BIBI),RANDOM BOX,ZICO,43,BIBI,2020-07-01,61IDvkbJDswvorhLqcplMW,0.807,0.647,11,-3.628,1,0.0562,0.0,0.085,0.535,104.968,196867,4,This Is BIBI
158,Galipette - BIBI Remix,Galipette (BIBI Remix),Lolo Zouaï,43,BIBI,2021-08-26,7x5xZs5VbPxNsdmGAj6Hch,0.727,0.644,0,-4.919,1,0.0524,0.0,0.648,0.638,144.979,122638,4,This Is BIBI
159,froyo (feat. Warren Hue),Head In The Clouds Forever,88rising,44,Warren Hue,2022-04-16,1pEewu35ctFmfOQ6ObwQuq,0.508,0.688,0,-5.483,0,0.136,0.0,0.157,0.335,145.089,309121,4,This Is BIBI
160,NAAN,"NAAN (From The Original TV Show ""Live On"")",BIBI,42,BIBI,2020-12-08,5bhAoJiNO8a2FIgRE5ypxf,0.585,0.603,3,-4.546,1,0.0391,0.00386,0.12,0.325,141.962,167240,4,This Is BIBI
161,WHY Y (Feat. Tiger JK),WHY Y,BIBI,41,Tiger JK,2021-07-27,7k9rM0ZCWUn5Dg1t0vj0vi,0.687,0.745,1,-3.671,1,0.0413,0.0,0.172,0.493,99.999,186533,4,This Is BIBI
162,FEVER,FEVER,J.Y. Park,45,BIBI,2019-12-01,0x9Vpw90j9fDb669IydnHL,0.832,0.827,0,-2.932,1,0.144,6.02e-06,0.0949,0.809,95.963,173925,4,This Is BIBI
163,Fedexx Girl (Feat. 창모),사랑하는 사람들을 위한 지침서,BIBI,42,CHANGMO,2019-06-12,2NBAwbspdemK8N2lerVXDz,0.648,0.523,1,-9.368,1,0.064,0.0,0.134,0.352,90.995,209000,4,This Is BIBI
164,AUTOMATIC REMIX,AUTOMATIC REMIX,Various Artists,47,BIBI,2020-11-05,2lCinwx9z9Fmr8kcXDei0c,0.741,0.654,7,-5.485,0,0.0495,0.0,0.436,0.539,100.003,938893,4,This Is BIBI
165,This is Pengsoo,Billboard Project Vol.1,Various Artists,39,BIBI,2020-04-21,3al49T4uo0nQjJRmGF5sY0,0.908,0.585,0,-3.812,0,0.156,0.0,0.0898,0.644,120.052,171373,4,This Is BIBI
166,Te Quiero(feat.BIBI),K.I.S.S,twlv,37,BIBI,2020-01-18,1CxgsJPNnz5X3j92ky5mie,0.448,0.662,11,-5.843,0,0.0505,0.0,0.187,0.12,93.12,194645,4,This Is BIBI
167,Pretty Ting (Feat. 김승민),사랑하는 사람들을 위한 지침서,BIBI,41,Kim Seungmin,2019-06-12,2sYSm57KSNxOF9gz3qWLMX,0.606,0.763,6,-5.504,0,0.274,0.0,0.113,0.417,165.986,175000,3,This Is BIBI
168,Timeless,괴물 (Original Television Soundtrack) Pt. 2,BIBI,36,BIBI,2021-03-06,4XCMEsPoPT6L8Xcc7h0Seh,0.505,0.722,6,-3.443,0,0.0353,0.000128,0.248,0.243,97.977,201160,4,This Is BIBI
169,Fly with me,THE FAN 4ROUND Part.2,BIBI,35,BIBI,2019-01-19,4GOuXgEtvG7LrCK4RQ0UaQ,0.369,0.405,2,-5.972,0,0.0325,0.0,0.395,0.15,112.903,202398,3,This Is BIBI
170,Hangang,THE FAN TOP2,BIBI,33,BIBI,2019-02-09,4WEbWA7Fz8CgMWeeRZ0Ixy,0.452,0.294,8,-8.635,0,0.0504,0.0,0.121,0.404,88.35,223146,4,This Is BIBI
171,Give More Care Less,사랑하는 사람들을 위한 지침서,BIBI,39,BIBI,2019-06-12,5BgaMwhezsBb5JTUYeVLZ7,0.642,0.455,9,-9.859,0,0.0317,8.62e-06,0.108,0.124,83.527,186750,4,This Is BIBI
172,Stay With Me,"Oh! Master (Original Television Soundtrack), Pt. 5",BIBI,34,BIBI,2021-05-06,17g0gdR2VUf6HUE4v04gnM,0.465,0.328,7,-8.606,1,0.0283,0.0224,0.111,0.117,131.619,235000,4,This Is BIBI
173,Long time ago,THE FAN 1ROUND Part.1,BIBI,32,BIBI,2018-11-24,4HTuOpF4smATh5XrlopZ8S,0.609,0.425,2,-4.527,1,0.0279,0.0,0.0654,0.293,106.258,203529,3,This Is BIBI
174,cute lil thug,THE FAN TOP3,Yoon Mirae,34,BIBI,2019-02-02,1A2XnaNmVc3Vf4E8Emjeet,0.748,0.758,4,-4.715,0,0.0324,0.0,0.157,0.132,127.992,201000,4,This Is BIBI
175,Do I Lust For You,Drunken Tiger X: Rebirth of Tiger Jk,Drunken Tiger,31,BIBI,2018-11-14,4lJHdX5aleW4MIHhcjuOQ1,0.736,0.606,11,-3.898,0,0.133,1.43e-06,0.069,0.576,102.105,163919,4,This Is BIBI
176,show off (feat. BIBI),"u n u, Pt. 2",nafla,32,BIBI,2020-03-24,0LzTkTN0u6xo011l8dafHi,0.734,0.549,2,-7.508,0,0.117,0.00223,0.137,0.529,160.087,231013,4,This Is BIBI
177,Drive You Home,Drive You Home,Jackson Wang,58,Internet Money,2021-07-29,7uidJM7xBikobIitpHQKZ4,0.653,0.694,1,-6.284,1,0.039,0,0.111,0.226,96.024,216164,4,This Is Jackson Wang
178,LMLY,LMLY,Jackson Wang,65,Jackson Wang,2021-03-26,3Jbpo2slhW2bbVneiJnC9G,0.727,0.736,8,-6.566,1,0.0319,0,0.119,0.717,139.929,209999,4,This Is Jackson Wang
179,I Love You 3000 II,Head In The Clouds II,88rising,63,Jackson Wang,2019-10-11,3witRpHWHqArlnt6GTlH2Y,0.435,0.338,6,-9.109,1,0.066,0,0.412,0.354,179.727,209643,4,This Is Jackson Wang
180,Dopamine,MAGIC MAN,Jackson Wang,58,Jackson Wang,2022-09-09,0oS1B3PW9LyPSzghUKEjf8,0.546,0.588,7,-7.449,1,0.036,9.24e-06,0.266,0.214,114.998,191826,4,This Is Jackson Wang
181,Blow,Blow,Jackson Wang,62,Jackson Wang,2022-03-31,0QPPJN3d42PINVAyBPZTC3,0.535,0.586,7,-8.256,1,0.107,0,0.0745,0.823,124.853,163933,4,This Is Jackson Wang
182,Cruel,Cruel,Jackson Wang,62,Jackson Wang,2022-07-29,0SxQz5uPZ5cAGWzj6MvzrX,0.588,0.494,11,-7.129,0,0.0309,0.000114,0.156,0.539,78.99,195020,4,This Is Jackson Wang
183,100 Ways,100 Ways,Jackson Wang,62,Jackson Wang,2020-03-20,4mQMvcRtQou5yI8mjuJ1lf,0.801,0.783,7,-7.08,1,0.241,0,0.285,0.613,109.955,168627,4,This Is Jackson Wang
184,Blue,MAGIC MAN,Jackson Wang,58,Jackson Wang,2022-09-09,1zegsS9aVbruFe8hurz87X,0.581,0.495,2,-6.939,1,0.0336,0.000796,0.126,0.391,140.175,159928,4,This Is Jackson Wang
185,Walking (feat. Swae Lee & Major Lazer),Head In The Clouds II,88rising,61,Major Lazer,2019-10-11,1qbXrxctv75pm1lWCn6Zw3,0.701,0.663,6,-7.227,1,0.202,1.04e-05,0.131,0.334,100.001,167080,4,This Is Jackson Wang
186,Pretty Please,Pretty Please,Jackson Wang,57,Galantis,2020-09-04,5Rse8If81NbzXL1ARjHOTB,0.686,0.867,6,-4.396,0,0.0449,4.18e-05,0.396,0.691,126.068,145792,4,This Is Jackson Wang
187,過 (Should've Let Go),過 (Should've Let Go),Jackson Wang,52,JJ Lin,2020-12-17,1lrafepXruMZB5qHCNqy88,0.691,0.481,0,-6.036,1,0.0338,0,0.0898,0.149,127.936,203787,4,This Is Jackson Wang
188,Go Ghost,MAGIC MAN,Jackson Wang,55,Jackson Wang,2022-09-09,7JYg7oZN1CLzxpBtreXWh9,0.733,0.671,7,-5.325,0,0.0399,1.09e-05,0.0848,0.439,95.007,140833,4,This Is Jackson Wang
189,Mind Games (feat. Jackson Wang),Mind Games (feat. Jackson Wang),88rising,54,Jackson Wang,2022-08-19,6JbxkCyeOto3xXjcFalZ3e,0.652,0.47,11,-8.412,1,0.036,0,0.229,0.32,100.052,193252,4,This Is Jackson Wang
190,California (feat. Jackson Wang & Warren Hue) - [Remix],California (feat. Jackson Wang & Warren Hue) [Remix],88rising,52,Jackson Wang,2021-07-15,1SZcEr3Wo7vvK4UUn3bi8v,0.773,0.629,7,-6.232,0,0.0283,1.11e-06,0.189,0.589,141.958,273927,4,This Is Jackson Wang
191,Tequila Sunrise (feat. AUGUST 08 & GoldLink),Head In The Clouds II,88rising,52,AUGUST 08,2019-10-11,121bJml1xjrfnZuk2yPsLG,0.8,0.545,0,-6.74,1,0.0765,5.07e-05,0.0929,0.458,99.981,243332,4,This Is Jackson Wang
192,Drive It Like You Stole It,MAGIC MAN,Jackson Wang,55,Jackson Wang,2022-09-09,3xrI4z7yKGFUGMVpwXYsTC,0.827,0.696,4,-4.59,0,0.078,1.78e-06,0.093,0.526,110.93,180149,4,This Is Jackson Wang
193,TITANIC (feat. Rich Brian),MIRRORS,Jackson Wang,53,Rich Brian,2019-10-25,6k6pPAqLxleqb3fbMtVjxe,0.894,0.748,11,-8.22,0,0.338,0,0.057,0.697,99.983,141147,4,This Is Jackson Wang
194,MAGNETIC (Feat. Jackson Wang),PIECES by RAIN,Rain,48,Jackson Wang,2021-03-03,6TjKxof5hlyeufrKpZS6G1,0.826,0.657,11,-4.481,0,0.122,0,0.277,0.898,159.986,158840,4,This Is Jackson Wang
195,Vibes,LOST & FOUND,Jackson Wang,44,Jackson Wang,2022-03-07,15GONgBS8aFpccUtE8StIo,0.653,0.563,5,-8.153,1,0.0604,0,0.119,0.452,162.015,159080,4,This Is Jackson Wang
196,Champagne Cool,MAGIC MAN,Jackson Wang,56,Jackson Wang,2022-09-09,308ekVBPtp2xbTXJ8StWoc,0.506,0.84,3,-6.232,0,0.177,0,0.218,0.584,179.774,162342,4,This Is Jackson Wang
197,BULLET TO THE HEART,MIRRORS,Jackson Wang,51,Jackson Wang,2019-10-25,5tkjn7d0Lg2xdccE2aGqs7,0.789,0.452,1,-6.149,1,0.114,0,0.0868,0.675,159.835,145720,4,This Is Jackson Wang
198,Papillon,Papillon,Jackson Wang,51,Jackson Wang,2017-08-26,0sHZzinNs6zUXnxcwhFYES,0.822,0.684,4,-2.507,0,0.253,0,0.0986,0.502,170.157,195036,4,This Is Jackson Wang
199,M.I.A (feat. Jackson Wang),Wallflower,Afgan,46,Jackson Wang,2021-04-09,6piGF4icHZGnw5FlKULGDs,0.723,0.458,6,-5.572,0,0.17,0,0.0879,0.357,113.954,178799,4,This Is Jackson Wang
200,Come Alive,MAGIC MAN,Jackson Wang,54,Jackson Wang,2022-09-09,2mrG7QoaHDD1kYhr5jeK9q,0.59,0.689,6,-6.634,0,0.0338,1.79e-05,0.0627,0.667,93.004,172429,4,This Is Jackson Wang
201,U & I,"The Package (Original Television Soundtrack), Pt. 4",JAY B,44,Jackson Wang,2017-10-27,20V840DuCck4hDp71LHuHx,0.797,0.471,0,-7.067,1,0.0291,1.12e-06,0.109,0.574,99.949,213898,4,This Is Jackson Wang
202,Dawn of us,Dawn of us,Jackson Wang,47,Jackson Wang,2018-04-20,2NpKyrIlJOHszUS2cXpEMU,0.834,0.588,0,-6.243,1,0.0759,4.25e-06,0.112,0.489,141.944,179834,4,This Is Jackson Wang
203,Oxygen,Oxygen,Jackson Wang,49,Jackson Wang,2019-04-12,1L3l7GXxByDSriYTwbwuZm,0.729,0.718,3,-2.313,0,0.0622,0,0.24,0.412,123.892,158710,4,This Is Jackson Wang
204,爱 - I Love You 3000 Chinese Version,MIRRORS,Jackson Wang,46,Jackson Wang,2019-10-25,74p24yUzO0uiZmt8v0G4Hg,0.494,0.374,6,-10.45,1,0.0534,4.56e-06,0.409,0.221,180.04,210160,4,This Is Jackson Wang
205,Dead,LOST & FOUND,Jackson Wang,42,Jackson Wang,2022-03-07,1WThX6BMgvD1XmEkbwPPLs,0.72,0.552,1,-9.346,1,0.158,0.00183,0.111,0.622,90.045,139853,4,This Is Jackson Wang
206,王嘉爾,王嘉爾,Jackson Wang,46,Jackson Wang,2022-01-11,380m8wx1X9cSSSF5If2D9X,0.763,0.648,8,-5.18,1,0.0472,9.43e-05,0.167,0.476,100.057,273133,4,This Is Jackson Wang
207,OKAY,OKAY,Jackson Wang,47,Jackson Wang,2017-11-30,6EyVzKFaV2quTgrjnql7WT,0.905,0.684,4,-5.18,0,0.0703,0,0.0554,0.542,120.025,192729,4,This Is Jackson Wang
208,ON THE ROCKS,MIRRORS,Jackson Wang,45,Jackson Wang,2019-10-25,5O6QbgZZ9z1mFo8cOlSRrf,0.676,0.693,10,-7.282,1,0.0518,0,0.127,0.397,148.022,188760,4,This Is Jackson Wang
209,In My Bed,LOST & FOUND,Jackson Wang,42,Jackson Wang,2022-03-07,5IXhUQkWwNi9z10H7Xopho,0.792,0.559,0,-9.124,0,0.173,8.35e-05,0.188,0.434,84.016,138627,4,This Is Jackson Wang
210,一個人 (Alone),一個人 (Alone),Jackson Wang,44,Jackson Wang,2021-01-30,7hDg1QQOiqQmQzx1nORGwi,0.654,0.395,4,-8.169,0,0.0402,0,0.124,0.114,75.007,185547,4,This Is Jackson Wang
211,Red,Red,Jackson Wang,42,ICE,2019-01-14,7Lby0vWuuIeJiiVhZbWj92,0.735,0.846,2,-3.002,1,0.0592,0,0.0794,0.521,174.134,168464,4,This Is Jackson Wang
212,UNLESS I'M WITH YOU,MIRRORS,Jackson Wang,43,Jackson Wang,2019-10-25,1OelkS095FL6l9AOGaky6Y,0.714,0.501,1,-8.548,0,0.183,2.53e-05,0.11,0.422,159.899,147027,4,This Is Jackson Wang
213,Poison,LOST & FOUND,Jackson Wang,42,Jackson Wang,2022-03-07,3uDsqwK25QnO75jDupZZnZ,0.614,0.843,0,-8.367,1,0.0521,0.00146,0.207,0.767,159.999,192280,4,This Is Jackson Wang
214,X,X,Jackson Wang,41,Jackson Wang,2018-05-25,0PFIjuocFoKAx8xFxIFZYb,0.81,0.817,5,-2.674,1,0.069,0,0.297,0.698,110.024,132781,4,This Is Jackson Wang
215,Damn Girl - feat. Jackson Wang,HIP LIFE:POP LIFE,CrazyBoy,36,Jackson Wang,2022-01-21,7JI2h6KUHs1h1CaDfhRvMR,0.593,0.716,9,-5.976,1,0.114,0,0.0629,0.488,193.819,182572,4,This Is Jackson Wang
216,DWAY!,MIRRORS,Jackson Wang,43,Jackson Wang,2019-10-25,0IbaAAp2pL2QMCshGQlvTe,0.845,0.498,1,-5.953,1,0.0592,0,0.0918,0.486,98.973,145240,4,This Is Jackson Wang
217,Blackout,LOST & FOUND,Jackson Wang,42,Jackson Wang,2022-03-07,3seTKIM6brUxC8M2rHGPkC,0.655,0.627,2,-6.687,1,0.0471,3.36e-05,0.153,0.782,167.94,156640,4,This Is Jackson Wang
218,Creo en Mi (feat. Jackson Wang),Believe In Mi,Sammi Cheng,38,Jackson Wang,2018-08-17,1hrF3WXuEqjP5N6wTHSDH3,0.443,0.577,4,-6.468,1,0.0361,0,0.151,0.2,159.775,243000,4,This Is Jackson Wang
219,Face Power (feat. Jackson Wang),Mr. Enjoy Da Money,KnowKnow,38,Jackson Wang,2019-12-12,1Q9TJqc5c3MJxU6UG57h9C,0.793,0.737,1,-5.872,1,0.237,0,0.0945,0.172,88.493,178983,4,This Is Jackson Wang
220,So Bad (feat. 王嘉爾),So Bad (feat. 王嘉爾),VaVa,36,Jackson Wang,2021-03-13,1w1jW6d9KSoa2fQkdmu5wa,0.693,0.564,6,-7.836,1,0.0655,0,0.147,0.54,96.9,194099,4,This Is Jackson Wang
221,Power,LOST & FOUND,Jackson Wang,40,Jackson Wang,2022-03-07,7t9iVETNnjZ4Ew8dyILRpe,0.649,0.749,7,-8.043,0,0.0536,1.28e-06,0.251,0.933,158.03,190080,4,This Is Jackson Wang
222,Born To Be Alive - From 'Minions: The Rise of Gru' Soundtrack,Born To Be Alive (From 'Minions: The Rise of Gru' Soundtrack),Jackson Wang,43,Jackson Wang,2022-07-01,3xfa9a3Qir4ybQRbvHBVLH,0.673,0.734,2,-6.699,1,0.0325,0.000942,0.14,0.597,131.553,192425,4,This Is Jackson Wang
223,Papillon-Postlude of The Rookies - BOYTOY remix,Papillon-Postlude of The Rookies (BOYTOY remix),Jackson Wang,35,Jackson Wang,2019-07-05,4MTAG5idymDZB1kmvDtfwc,0.571,0.943,9,-3.989,0,0.0603,0.00326,0.2,0.807,170.109,219176,4,This Is Jackson Wang
224,Bruce Lee,Bruce Lee,Al Rocco,37,Fader One,2018-07-15,4ZBnVJsSJO2LVgKpK68dHv,0.882,0.613,11,-8.077,0,0.296,0,0.294,0.72,134.013,179886,4,This Is Jackson Wang
225,When I Get Old,When I Get Old,Christopher,64,CHUNG HA,2022-10-20,5f2CcxzZoW7hNs1O8NhG6y,0.723,0.641,9,-4.17,0,0.0315,0,0.203,0.658,127.418,184828,4,This Is CHUNG HA
226,Sparkling,"Bare&Rare, Pt. 1",CHUNG HA,60,CHUNG HA,2022-07-11,6TzU11huC8Hz4FVEsvCeE7,0.6,0.923,1,-1.926,0,0.105,0,0.32,0.712,160.025,186907,4,This Is CHUNG HA
227,XXXX,"Bare&Rare, Pt. 1",CHUNG HA,48,CHUNG HA,2022-07-11,49jIwnU0pAUWorDG4ahISg,0.741,0.662,9,-4.639,1,0.205,0,0.306,0.713,109.953,168000,4,This Is CHUNG HA
228,Louder,"Bare&Rare, Pt. 1",CHUNG HA,40,CHUNG HA,2022-07-11,4cZvTWcgPyHx2eZb0ruyX3,0.843,0.75,5,-4.942,1,0.0421,0,0.0275,0.835,109.886,179760,4,This Is CHUNG HA
229,Crazy Like You (feat. BIBI),"Bare&Rare, Pt. 1",CHUNG HA,50,BIBI,2022-07-11,0oUK4m2wNIBPfejlcB1N9k,0.536,0.639,9,-3.999,0,0.0447,0,0.209,0.502,170.94,175480,3,This Is CHUNG HA
230,California Dream,"Bare&Rare, Pt. 1",CHUNG HA,45,CHUNG HA,2022-07-11,3ulIMvCtahvAmAQHcCbDFs,0.769,0.803,5,-3.501,0,0.115,0,0.0832,0.503,119.923,179227,4,This Is CHUNG HA
231,Good Night My Princess,"Bare&Rare, Pt. 1",CHUNG HA,40,CHUNG HA,2022-07-11,12QoF5mIoZ1ZrVZFoc2Nwl,0.446,0.475,11,-5.953,1,0.0293,0,0.0859,0.112,139.267,232080,1,This Is CHUNG HA
232,Love Me Out Loud,"Bare&Rare, Pt. 1",CHUNG HA,43,CHUNG HA,2022-07-11,1zFT6Z2zT4Z4kUFnerd9lE,0.397,0.697,1,-3.749,1,0.0561,0,0.198,0.414,120.926,204760,4,This Is CHUNG HA
233,Nuh-Uh,"Bare&Rare, Pt. 1",CHUNG HA,41,CHUNG HA,2022-07-11,0um5z70pgfggfEzkhQuspz,0.502,0.692,10,-6.174,0,0.262,0.000182,0.174,0.608,154.301,200880,5,This Is CHUNG HA
234,A Star in the dawn,"Bloody Heart, Pt. 4 (Original Television Soundtrack)",CHUNG HA,32,CHUNG HA,2022-05-23,3w0ICgCMIiWdvdgRs3suj2,0.42,0.428,8,-4.788,1,0.0315,0,0.089,0.261,144.236,213920,4,This Is CHUNG HA
235,It's only mine,Seoul Check-in OST Part 4,CHUNG HA,26,CHUNG HA,2022-04-30,4NGt7PDTJE5rBWhU79kEBz,0.654,0.575,1,-5.57,0,0.0372,0,0.118,0.441,89.984,211083,4,This Is CHUNG HA
236,Killing Me,Killing Me,CHUNG HA,62,CHUNG HA,2021-11-29,3QD0Y1tTngihByjdWC99lG,0.722,0.851,10,-2.589,1,0.264,0,0.0661,0.763,122.012,164053,4,This Is CHUNG HA
237,BAD GIRL (Prod. Czaer),Street Woman Fighter(SWF) Special,Various Artists,42,CHUNG HA,2021-10-27,4yCQYX8eKL1XYJmGglSV1A,0.725,0.729,8,-4.257,0,0.0829,0,0.107,0.829,92.0,194053,4,This Is CHUNG HA
238,Someday,"One the Woman (Original Television Soundtrack, Pt. 3)",CHUNG HA,28,CHUNG HA,2021-10-15,2Hd9y1sae4yhYBVvqYOIqx,0.614,0.482,8,-5.885,1,0.0327,0,0.111,0.27,131.995,202040,4,This Is CHUNG HA
239,Bicycle,Querencia,CHUNG HA,59,CHUNG HA,2021-02-15,7wDVvxMUdW5MtJUqFtuXUz,0.625,0.903,4,-2.519,1,0.0594,0,0.235,0.825,145.97,179156,4,This Is CHUNG HA
240,X,Querencia,CHUNG HA,43,CHUNG HA,2021-02-15,4IQaBvlHjZrpZrIKWXuBxh,0.413,0.868,5,-3.427,1,0.0482,0,0.498,0.396,137.936,255496,4,This Is CHUNG HA
241,Stay Tonight,Querencia,CHUNG HA,56,CHUNG HA,2021-02-15,7Cn6R7YB4EjQkfci9DdceG,0.625,0.831,2,-2.168,0,0.0554,0.000612,0.0805,0.513,121.029,217239,4,This Is CHUNG HA
242,Masquerade,Querencia,CHUNG HA,42,CHUNG HA,2021-02-15,0AABiBAIYQCMpLI0ODbDDL,0.645,0.844,6,-1.612,0,0.0383,0.000238,0.0767,0.731,143.957,197011,4,This Is CHUNG HA
243,Flying on Faith,Querencia,CHUNG HA,45,CHUNG HA,2021-02-15,34v3Sm3KEc7DtGPP50jyrl,0.692,0.818,1,-2.368,0,0.0344,9.78e-05,0.0999,0.675,150.04,186701,4,This Is CHUNG HA
244,Luce Sicut Stellae,Querencia,CHUNG HA,34,CHUNG HA,2021-02-15,6j2Tpn3qQS2BLPNwytsefO,0.677,0.885,2,-2.121,1,0.0517,6.05e-05,0.127,0.565,95.985,191805,4,This Is CHUNG HA
245,My Lips Like Warm Coffee,My Lips Like Warm Coffee,CHUNG HA,44,Colde,2021-06-08,3BWTaW69km35u55PN4O1UH,0.692,0.71,4,-5.692,1,0.0795,4.38e-05,0.117,0.245,88.052,214120,4,This Is CHUNG HA
246,Demente - Spanish Version,Demente (Spanish Version),CHUNG HA,45,Guaynaa,2021-03-17,4pBsmktr55rBxprHFXIFy8,0.802,0.852,7,-1.851,1,0.0604,0.000437,0.0539,0.685,100.029,163799,4,This Is CHUNG HA
247,PLAY (feat. Changmo),Querencia,CHUNG HA,56,CHANGMO,2021-02-15,6UM5HKVVm1cjOQhUJB4Ft3,0.636,0.941,3,-0.792,0,0.101,2.68e-05,0.152,0.888,103.926,199524,4,This Is CHUNG HA
248,Bother Me,Querencia,CHUNG HA,46,CHUNG HA,2021-02-15,3t4ozuyQ2OidVwuG08FHBn,0.658,0.863,7,-3.539,0,0.0558,0.0123,0.303,0.497,114.934,202731,4,This Is CHUNG HA
249,Chill,Querencia,CHUNG HA,35,CHUNG HA,2021-02-15,4yWgTBYmJGnQKn63S9GUbf,0.514,0.893,6,-1.488,1,0.0646,6.75e-05,0.253,0.746,179.969,206348,4,This Is CHUNG HA
250,Demente (feat. Guaynaa),Querencia,CHUNG HA,45,Guaynaa,2021-02-15,0NhHFXC06r5kK1rTUuOjxM,0.802,0.851,7,-1.756,1,0.0563,0.000335,0.0618,0.697,100.019,163799,4,This Is CHUNG HA
251,Lemon (feat. Colde),Querencia,CHUNG HA,35,Colde,2021-02-15,0YxrpGXvAX6RsvdwRky6qN,0.736,0.927,0,-3.074,1,0.203,0,0.261,0.786,97.046,202446,4,This Is CHUNG HA
252,BYULHARANG (160504 + 170607),Querencia,CHUNG HA,31,CHUNG HA,2021-02-15,0Ric2EfmVW0Xlz35v5ucMx,0.446,0.645,5,-4.166,1,0.0414,0,0.118,0.525,173.92,223102,4,This Is CHUNG HA
253,All Night Long,Querencia,CHUNG HA,31,CHUNG HA,2021-02-15,4CGmwiG8f9QqMYz33fxSzs,0.621,0.875,3,-1.955,1,0.0764,0,0.388,0.656,140.101,225264,4,This Is CHUNG HA
254,Everybody Has,Querencia,CHUNG HA,37,CHUNG HA,2021-02-15,2UcC7n5jG6QMtOE0Zxznpm,0.481,0.791,11,-4.982,0,0.0841,1.25e-05,0.33,0.589,73.913,222454,4,This Is CHUNG HA
255,Come N Goes,Querencia,CHUNG HA,31,CHUNG HA,2021-02-15,5FANrx0S8OLZrHiG8OpvVB,0.578,0.925,6,-1.569,1,0.0355,0.0156,0.353,0.592,114.984,211880,4,This Is CHUNG HA
256,Querencia (Epilogue),Querencia,CHUNG HA,25,CHUNG HA,2021-02-15,6WKRso2bBkl1GR5ChIT8K1,0.594,0.333,2,-9.985,1,0.161,0.607,0.0805,0.135,144.97,94313,4,This Is CHUNG HA
257,Roller Coaster,Offset,CHUNG HA,59,CHUNG HA,2018-01-17,6DIW7GJbuGZdHolRcPWprP,0.633,0.907,6,-1.459,0,0.048,0,0.221,0.74,130.001,212136,4,This Is CHUNG HA
258,Dream of You (with R3HAB),Querencia,CHUNG HA,60,R3HAB,2021-02-15,1d8Arh7PushRWWJRs41rSa,0.659,0.738,5,-3.894,0,0.0659,2.26e-06,0.114,0.615,117.081,192735,4,This Is CHUNG HA
259,Snapping,Flourishing,CHUNG HA,60,CHUNG HA,2019-06-24,4IOxk5ep5ONrdlL0ZIy64v,0.746,0.726,8,-3.499,0,0.0394,3.43e-06,0.278,0.578,104.961,213164,4,This Is CHUNG HA
260,Gotta Go,Gotta Go,CHUNG HA,62,CHUNG HA,2019-01-02,1exnDFdC34GyBcaLt9ZJfX,0.531,0.83,3,-2.526,0,0.0446,0,0.0993,0.419,101.903,221813,4,This Is CHUNG HA
261,Bad Boy,Bad Boy,CHUNG HA,59,Christopher,2020-09-23,1WCOna34eEMPgjfOOZkGQc,0.822,0.574,5,-4.02,0,0.0461,0,0.245,0.743,116.987,182587,4,This Is CHUNG HA
262,그 끝에 그대,Hotel del Luna (Original Television Soundtrack) Pt.6,CHUNG HA,51,CHUNG HA,2019-08-03,7D8IxjdvFTYPcnCmNfzvNS,0.621,0.399,11,-5.803,1,0.0295,0,0.103,0.25,133.884,224284,4,This Is CHUNG HA
263,Wow Thing,Wow Thing,Various Artists,55,JEON SOYEON,2018-09-28,5MwfxCtqMFGYp9Nc1BkTrS,0.703,0.894,5,-3.52,0,0.281,0,0.363,0.737,104.043,171998,4,This Is CHUNG HA
264,Love U,Blooming Blue,CHUNG HA,47,CHUNG HA,2018-07-18,0Hk7Aoxk7qdfj7bO83iL69,0.774,0.92,8,-0.513,0,0.0694,0,0.101,0.685,120.039,190921,4,This Is CHUNG HA
265,Why Don’t You Know,Hands on Me,CHUNG HA,45,Nucksal,2017-06-07,3L6OalQDbdCS0Tg1kFccYn,0.703,0.923,9,-0.962,0,0.148,0,0.367,0.623,100.038,198420,4,This Is CHUNG HA
266,Chica,Flourishing,CHUNG HA,49,CHUNG HA,2019-06-24,7Bt5HMVKtBOC5OaE7s3tym,0.556,0.842,1,-3.019,0,0.158,0,0.31,0.66,95.037,192484,4,This Is CHUNG HA
267,You're In My Soul,Record of Youth (Original Television Soundtrack) Pt. 2,CHUNG HA,35,CHUNG HA,2020-09-15,2wQchESFUL4Scb30q4xCeL,0.676,0.847,2,-3.743,1,0.0541,0,0.111,0.411,115.977,208787,4,This Is CHUNG HA
268,Be Yourself,Be Yourself.newwav,CHUNG HA,29,CHUNG HA,2020-06-09,0LCd5cmqVkZy0koiWB4kb9,0.596,0.874,4,-1.86,0,0.0423,0,0.245,0.646,115.053,205187,4,This Is CHUNG HA
269,My Friend,My Friend,CHUNG HA,43,pH-1,2020-05-30,7KDBSl1GZqrf8wEuFpI3L0,0.854,0.618,6,-5.927,1,0.0576,0,0.12,0.836,131.981,149000,4,This Is CHUNG HA
270,Everybody Has,Querencia,CHUNG HA,37,CHUNG HA,2021-02-15,2UcC7n5jG6QMtOE0Zxznpm,0.481,0.791,11,-4.982,0,0.0841,1.25e-05,0.33,0.589,73.913,222454,4,This Is CHUNG HA
271,나의 그대,낭만닥터 김사부 2 (Original Television Soundtrack) Pt.8,CHUNG HA,37,CHUNG HA,2020-02-04,7EXTPBMNV9N2s3fUrqMC7i,0.502,0.301,11,-8.687,1,0.0324,0,0.107,0.376,119.719,220964,4,This Is CHUNG HA
272,Loveship,Loveship,Paul Kim,37,CHUNG HA,2020-01-21,6Hqk3UKf4uIrdbkJvwM7y3,0.384,0.384,10,-7.001,1,0.0312,0,0.0947,0.0759,129.12,259867,4,This Is CHUNG HA
273,These Nights,These Nights,88rising,41,CHUNG HA,2019-10-03,2n0oy8RGDpy6WGcLImTteI,0.656,0.673,6,-6.588,1,0.0477,0.0199,0.28,0.494,83.018,223007,4,This Is CHUNG HA
274,FAST,FAST,CHUNG HA,23,Mommy Son,2019-09-08,5qz2JLETV6S7nWakMB37ki,0.705,0.898,11,-2.745,0,0.085,1.42e-06,0.326,0.542,128.023,184200,4,This Is CHUNG HA
275,RUN,RUN,Grizzly,32,CHUNG HA,2019-08-22,5EI1PqfGKGTk746tL2rqft,0.678,0.74,9,-3.253,0,0.0524,0,0.508,0.365,99.982,176627,4,This Is CHUNG HA
276,Young In Love,Flourishing,CHUNG HA,30,CHUNG HA,2019-06-24,4dIObSazv75psS0AX9z6ro,0.734,0.768,2,-4.556,1,0.0515,0,0.156,0.728,97.986,198819,4,This Is CHUNG HA
277,Call It Love,Flourishing,CHUNG HA,29,CHUNG HA,2019-06-24,3HxurUySp2zUcExO1zi6Y9,0.472,0.589,5,-5.415,0,0.0341,0,0.14,0.355,131.195,241094,4,This Is CHUNG HA
278,Flourishing,Flourishing,CHUNG HA,38,CHUNG HA,2019-06-24,5kbYgt4pAhKsmoQJGCj33x,0.627,0.746,6,-4.424,0,0.0487,1.7e-06,0.0866,0.509,140.074,195497,4,This Is CHUNG HA
279,NA YEOSS EU MYEON,[Vol.14] You Hee yul's Sketchbook 10th Anniversary Project : 6th Voice 'Sketchbook X CHUNG HA',CHUNG HA,0,CHUNG HA,2019-04-20,5VnJMPXdPc9p5arVZRHj8O,0.423,0.759,1,-2.689,1,0.0311,0,0.309,0.322,137.727,259885,4,This Is CHUNG HA
280,A REUM DA UN I BYEOL,[Vol.13] You Hee yul's Sketchbook 10th Anniversary Project : 6th Voice 'Sketchbook X CHUNG HA',CHUNG HA,0,CHUNG HA,2019-04-13,5dcRsgrAojHRlS0BFpmbdj,0.654,0.648,0,-4.119,0,0.0299,0,0.122,0.449,115.011,205749,4,This Is CHUNG HA
281,Whatcha Doin',Whatcha Doin',YESUNG,37,CHUNG HA,2018-12-17,1kfEJ0w6qRZR9dIOWJGe0J,0.553,0.889,2,-3.387,1,0.241,0,0.0851,0.742,99.329,209808,4,This Is CHUNG HA
282,It’s You,"Where Stars Land, Pt. 1 (Original Television Soundtrack)",CHUNG HA,30,CHUNG HA,2018-10-08,4V0I40WRUwS3by62lZdsfM,0.584,0.709,7,-4.941,1,0.0363,0,0.208,0.26,107.919,202905,4,This Is CHUNG HA
283,BB,Blooming Blue,CHUNG HA,24,CHUNG HA,2018-07-18,6rKSqNmZad9VPfCQGHPojb,0.471,0.64,8,-6.662,0,0.065,0.831,0.0984,0.301,100.126,77500,4,This Is CHUNG HA
284,Cherry Kisses,Blooming Blue,CHUNG HA,29,CHUNG HA,2018-07-18,0y4QB8wG2x2cNhyjajh7X0,0.577,0.909,6,-0.551,1,0.0589,0,0.16,0.708,100.012,194429,4,This Is CHUNG HA
285,Drive,Blooming Blue,CHUNG HA,25,CHUNG HA,2018-07-18,75h5JEOLUJzYH5836V3BQE,0.779,0.84,7,-2.449,0,0.0817,0,0.189,0.821,109.999,196460,4,This Is CHUNG HA
286,From Now On,Blooming Blue,CHUNG HA,25,CHUNG HA,2018-07-18,3gNKQYq9kdTBWoqlGuDb6e,0.569,0.527,9,-7.24,1,0.0478,0,0.11,0.414,125.951,209002,3,This Is CHUNG HA
287,How about you,Luvpub OST Part.3,CHUNG HA,0,CHUNG HA,2018-04-18,31vk0g0BrHazdDVN3IP76u,0.46,0.425,8,-5.767,1,0.0325,0,0.0828,0.298,133.588,199019,5,This Is CHUNG HA
288,Offset,Offset,CHUNG HA,23,CHUNG HA,2018-01-17,1oAeGMfEUvJI2cdiG5vURo,0.777,0.404,4,-7.973,0,0.0496,0.0369,0.143,0.076,93.041,69613,4,This Is CHUNG HA
289,Do It,Offset,CHUNG HA,27,CHUNG HA,2018-01-17,5CBL6eFkYZEr5MshEN3MmL,0.672,0.724,5,-1.572,0,0.179,0,0.267,0.451,159.051,213749,4,This Is CHUNG HA
290,Bad Boy,Offset,CHUNG HA,24,CHUNG HA,2018-01-17,2lEmjaR8rQqsQqe6CLXtdz,0.738,0.898,7,-0.94,1,0.0902,0,0.32,0.506,107.018,187224,4,This Is CHUNG HA
291,Remind of You,Offset,CHUNG HA,26,CHUNG HA,2018-01-17,3XP4CrI6jHlo2ZJ9Jpn4EX,0.486,0.277,8,-8.521,1,0.0422,0,0.123,0.396,133.762,243441,4,This Is CHUNG HA
292,Hands on Me,Hands on Me,CHUNG HA,21,CHUNG HA,2017-06-07,067hR2ouOr91wKoMKh1K9E,0.822,0.614,6,-4.009,0,0.0475,0.000151,0.186,0.473,131.099,68251,4,This Is CHUNG HA
293,Make a Wish,Hands on Me,CHUNG HA,23,CHUNG HA,2017-06-07,7sN4v0ElVmdvdTkjT23y16,0.707,0.925,8,-1.09,1,0.132,0,0.159,0.668,92.012,185206,4,This Is CHUNG HA
294,Cosmic Dust,Hands on Me,CHUNG HA,22,CHUNG HA,2017-06-07,5QxRlfnjp8ELreyz36iS5g,0.45,0.404,11,-3.647,1,0.0341,2.61e-06,0.1,0.368,171.947,223934,4,This Is CHUNG HA
295,Week,Week,CHUNG HA,27,CHUNG HA,2017-04-21,4banEKlbDsBOIvBDTssAf1,0.592,0.483,4,-7.025,1,0.0446,6.83e-05,0.14,0.388,82.831,202547,4,This Is CHUNG HA
296,Week,Week,CHUNG HA,27,CHUNG HA,2017-04-21,4banEKlbDsBOIvBDTssAf1,0.592,0.483,4,-7.025,1,0.0446,6.83e-05,0.14,0.388,82.831,202547,4,This Is CHUNG HA
297,Pit-A-Pat,"Strong Woman Do Bong Soon, Pt. 4 (Original Television Soundtrack)",CHUNG HA,40,CHUNG HA,2017-03-17,2VI3BhUQPGgwFdkbnnZyEy,0.653,0.727,6,-3.546,1,0.0621,0,0.209,0.703,82.983,210430,4,This Is CHUNG HA
298,REMEDY,Boyhood,CHANGMO,38,CHUNG HA,2019-11-29,3BcVxAJ4Ok0zbQ6nsu1No4,0.741,0.534,7,-5.474,1,0.0338,0,0.056,0.496,136.037,201972,4,This Is CHUNG HA
299,LALALA,LA VIDA LOCA,Babylon,22,CHUNG HA,2017-08-31,1mW3V0DtbrEaUHgApt9Uql,0.769,0.895,9,-2.576,0,0.0754,3.09e-06,0.196,0.631,104.948,214782,4,This Is CHUNG HA
300,I Love You 3000,I Love You 3000,Stephanie Poetri,68,Stephanie Poetri,2019-06-03,3znQ9i61vfe2E7URHlOiyc,0.648,0.382,6,-7.85,1,0.0396,0,0.393,0.408,90.099,209734,4,This Is Stephanie Poetri
301,I Love You 3000 II,Head In The Clouds II,88rising,63,Jackson Wang,2019-10-11,3witRpHWHqArlnt6GTlH2Y,0.435,0.338,6,-9.109,1,0.066,0,0.412,0.354,179.727,209643,4,This Is Stephanie Poetri
302,Bad Haircut (feat. JVKE),oh to be in love,Stephanie Poetri,53,JVKE,2022-03-18,0b8HcbULuUTZI07s1q7o4K,0.629,0.43,10,-10.55,1,0.0324,1.57e-05,0.117,0.451,76.983,222167,4,This Is Stephanie Poetri
303,Breakfast in Bed,Breakfast in Bed,Stephanie Poetri,49,gnash,2022-10-28,3c5sWNPKG69X0JcGUgbBOj,0.768,0.501,2,-10.819,1,0.0884,3.55e-05,0.17,0.828,120.129,163642,4,This Is Stephanie Poetri
304,Do You Love Me,Do You Love Me,Stephanie Poetri,48,Stephanie Poetri,2020-02-14,1rbjic9uKr1p6nxnjLDHN6,0.691,0.572,0,-7.745,1,0.0652,6.34e-06,0.168,0.697,102.018,144383,4,This Is Stephanie Poetri
305,Picture Myself,Picture Myself,Stephanie Poetri,41,Stephanie Poetri,2022-01-13,3QWIMcT8jEbBaGAXZDRmel,0.674,0.343,10,-7.059,0,0.0286,1.15e-05,0.124,0.292,146.019,211337,4,This Is Stephanie Poetri
306,Bimbang,Bimbang,Goodbye Felicia,43,Stephanie Poetri,2015-12-15,50nrTiLGWnmJTnV2kl8kwB,0.455,0.619,4,-8.411,1,0.0306,0.439,0.101,0.47,86.396,203534,4,This Is Stephanie Poetri
307,Selfish,Selfish,Stephanie Poetri,40,Stephanie Poetri,2020-12-01,4U8z0N3ELIhn9gys3u4ahp,0.622,0.529,7,-7.67,1,0.0849,9.89e-05,0.165,0.683,82.324,146728,4,This Is Stephanie Poetri
308,Honeymoon,oh to be in love,Stephanie Poetri,34,Stephanie Poetri,2022-03-18,2zU8TdrMkIftweedAK7AG5,0.694,0.575,7,-8.308,1,0.0341,0.000407,0.123,0.31,116.958,189791,4,This Is Stephanie Poetri
309,Touch,Do You Love Me,Stephanie Poetri,34,Stephanie Poetri,2020-02-14,3tDY9KeyLoXKd956CwzPTN,0.839,0.342,0,-11.277,1,0.236,0,0.101,0.715,92.455,174006,4,This Is Stephanie Poetri
310,Straight To You,Straight To You,Stephanie Poetri,34,Stephanie Poetri,2020-04-24,58bpEULoDFAMC9CBuRKYaA,0.66,0.642,11,-6.641,0,0.0474,3.22e-06,0.0747,0.401,90.014,165142,4,This Is Stephanie Poetri
311,3PM,AM:PM,Stephanie Poetri,32,Stephanie Poetri,2021-03-12,1o5TMGhTM1EXtvnFghWLUs,0.698,0.44,9,-5.878,0,0.037,2.42e-06,0.134,0.586,80.067,196256,4,This Is Stephanie Poetri
312,Please Don't Die Before I Do,oh to be in love,Stephanie Poetri,28,Stephanie Poetri,2022-03-18,6lnu1x2ePMcCwH8KhAORud,0.42,0.216,2,-10.425,1,0.0374,3.15e-05,0.0798,0.437,81.613,128468,4,This Is Stephanie Poetri
313,IRL,IRL,Stephanie Poetri,29,Stephanie Poetri,2021-02-11,2hTm4MljABGm013AzKCxN6,0.661,0.661,9,-6.678,1,0.0358,0,0.0896,0.548,93.043,198710,4,This Is Stephanie Poetri
314,Matamu - Acoustic,AM:PM (Acoustic),Stephanie Poetri,29,Stephanie Poetri,2021-09-28,1pKQ0oGgU8rzj4wZ300bnm,0.627,0.373,3,-5.956,1,0.0313,0,0.147,0.558,114.908,225440,3,This Is Stephanie Poetri
315,How We Used To,How We Used To,Stephanie Poetri,29,Stephanie Poetri,2021-01-14,2xzt45z07PZTskSOBNWlpp,0.721,0.49,0,-7.922,1,0.0414,0.0012,0.108,0.502,75.005,169656,4,This Is Stephanie Poetri
316,Little Lifetimes,oh to be in love,Stephanie Poetri,28,Stephanie Poetri,2022-03-18,2NnllAqabv312ZRGE2lL5d,0.352,0.35,5,-6.439,0,0.0377,0,0.113,0.376,91.525,158769,3,This Is Stephanie Poetri
317,Appreciate - English Version,Appreciate (English Version),Stephanie Poetri,30,Stephanie Poetri,2019-04-19,7fvr9JMI9DCuty3882lZ9t,0.664,0.831,0,-4.39,1,0.0765,4.16e-06,0.123,0.388,119.991,235627,4,This Is Stephanie Poetri
318,Paranoia,AM:PM,Stephanie Poetri,24,Stephanie Poetri,2021-03-12,2HwoBZlDBobCAyRtV9KyUh,0.614,0.42,6,-6.953,0,0.053,5.43e-05,0.212,0.336,150.054,176081,4,This Is Stephanie Poetri
319,Daydreaming,AM:PM,Stephanie Poetri,23,Stephanie Poetri,2021-03-12,67qaGgva6F3rMU4KWHQpv1,0.758,0.584,10,-6.247,1,0.0872,0,0.18,0.631,109.949,170182,4,This Is Stephanie Poetri
320,Tequila Sunrise (feat. AUGUST 08 & GoldLink),Head In The Clouds II,88rising,52,AUGUST 08,2019-10-11,121bJml1xjrfnZuk2yPsLG,0.8,0.545,0,-6.74,1,0.0765,5.07e-05,0.0929,0.458,99.981,243332,4,This Is Higher Brothers
321,R&B All Night,Mr. Enjoy Da Money,KnowKnow,48,Higher Brothers,2019-12-12,6MrVXeEMf0MULWdclDk4sI,0.761,0.545,11,-8.188,0,0.144,4.53e-05,0.0456,0.799,78.034,233846,4,This Is Higher Brothers
322,"Midsummer Madness 20 (feat. Joji, Rich Brian, Higher Brothers & AUGUST 08)","Midsummer Madness 20 (feat. Joji, Rich Brian, Higher Brothers & AUGUST 08)",88rising,50,Higher Brothers,2020-08-14,5qaDbDqAwvJZgn1I15Wk3L,0.726,0.789,9,-5.499,1,0.0468,1.3e-06,0.0907,0.56,94.987,246947,4,This Is Higher Brothers
323,Lover Boy 88,Head In The Clouds,88rising,49,Higher Brothers,2018-07-20,2vRDFgdJiILUdDOLL8hLH3,0.734,0.699,11,-6.689,1,0.0614,0.0,0.261,0.5,109.979,233033,4,This Is Higher Brothers
324,Crush On You (feat. step.jad),Prince Charming,Masiwei,46,step.jad,2020-02-28,7Et5YO6MFDDC5XEcwr0nmF,0.832,0.662,1,-5.052,1,0.0736,0.0,0.107,0.687,96.029,229064,4,This Is Higher Brothers
325,Mr. Bentley,Mr. Enjoy Da Money,KnowKnow,45,Higher Brothers,2019-12-12,603FrR2LgWS3X4osiN12XO,0.891,0.746,2,-6.333,1,0.0927,0.00112,0.0946,0.493,97.996,159184,4,This Is Higher Brothers
326,Lucy Liu (feat. Bohan Phoenix),PSYLIFE.25,Psy.P,41,Bohan Phoenix,2020-05-27,76pirDCpDMEd4B3RTg5egQ,0.829,0.643,1,-5.19,1,0.045,0.0,0.257,0.0402,100.043,206400,4,This Is Higher Brothers
327,2 The Face,Head In The Clouds II,88rising,42,Higher Brothers,2019-10-11,01ibNvCrbTdwOcqIcroORv,0.649,0.684,10,-7.601,0,0.0814,1.18e-05,0.141,0.342,171.994,151532,4,This Is Higher Brothers
328,Amsterdam (feat. KnowKnow),Prince Charming,Masiwei,38,KnowKnow,2020-02-28,0dcu0aHSFqG0AZqXBOoS3A,0.803,0.672,10,-4.175,1,0.0472,0.0,0.107,0.673,136.043,187059,4,This Is Higher Brothers
329,Face Power (feat. Jackson Wang),Mr. Enjoy Da Money,KnowKnow,38,Jackson Wang,2019-12-12,1Q9TJqc5c3MJxU6UG57h9C,0.793,0.737,1,-5.872,1,0.237,0.0,0.0945,0.172,88.493,178983,4,This Is Higher Brothers
330,Storm,Type-3 - EP,Higher Brothers,37,Harikiri,2018-02-27,4Hv0A2YHe0AcDCpavLrB3L,0.759,0.627,7,-8.938,1,0.0461,0.0,0.406,0.317,140.009,158786,4,This Is Higher Brothers
331,No More (feat. NIKI),Five Stars,Higher Brothers,38,NIKI,2019-02-22,7lxcmd6V6iFDgtw9urFsGB,0.75,0.651,10,-6.684,0,0.11,2.15e-06,0.0776,0.61,142.118,229859,4,This Is Higher Brothers
332,Prince Charming,Prince Charming,Masiwei,38,Higher Brothers,2020-02-28,7Hp29LdH3DaCi9dr6nV2SY,0.889,0.84,10,-4.67,0,0.0528,0.000487,0.128,0.922,144.533,208235,4,This Is Higher Brothers
333,I Love You 3000 III,Mr. Enjoy Da Money,KnowKnow,36,Higher Brothers,2019-12-12,6ePZQOeHLZoNCeiM9VMnmx,0.467,0.482,8,-7.766,0,0.103,0.0,0.333,0.351,180.205,210667,4,This Is Higher Brothers
334,Made In China,Made In China,Higher Brothers,43,DJ Snake,2018-04-13,1qowUCis8gYY9KOMuy8fCi,0.79,0.779,1,-2.642,1,0.0416,0.000155,0.159,0.228,150.115,171733,4,This Is Higher Brothers
335,Flexing So Hard,Five Stars,Higher Brothers,37,Higher Brothers,2019-02-22,4ZnZehVC0izVoLNQHbPakt,0.698,0.741,1,-4.962,1,0.0841,0.0,0.326,0.426,156.096,175385,4,This Is Higher Brothers
336,Empire,Empire,Higher Brothers,36,Higher Brothers,2020-11-09,32NMr70l1K1qTKoA30eaVJ,0.797,0.767,1,-5.625,1,0.316,0.0,0.0713,0.537,133.864,207761,4,This Is Higher Brothers
337,Love Song 4 Me,Mr. Enjoy Da Money,KnowKnow,32,Higher Brothers,2019-12-12,5QoZRygiNozzOGDb03SiOF,0.808,0.645,7,-5.211,1,0.239,0.0172,0.103,0.644,160.093,168000,4,This Is Higher Brothers
338,暴风雨,Type-3,Higher Brothers,28,Harikiri,2018-02-27,66pKYRKWQ1ZrQFtmIXziaq,0.759,0.627,7,-8.938,1,0.0461,0.0,0.406,0.317,140.009,158786,4,This Is Higher Brothers
339,One Punch Man (feat. Ski Mask The Slump God & Denzel Curry),Five Stars,Higher Brothers,40,Ski Mask The Slump God,2019-02-22,5XHcYoIcFY7GgV6OHUB00Q,0.906,0.726,1,-4.965,1,0.255,0.0,0.127,0.354,132.004,200652,4,This Is Higher Brothers
340,Flo Rida,Flo Rida,Higher Brothers,39,Ski Mask The Slump God,2017-11-16,0R01L2PrvabbllwxJYZyfd,0.9,0.649,5,-3.79,1,0.269,0.0,0.0825,0.442,129.985,208048,4,This Is Higher Brothers
341,Nomadic (feat. Joji),Nomadic (feat. Joji),Higher Brothers,38,Joji,2017-07-13,4fq9ldVbZ57iYFGrKpDLj0,0.84,0.536,4,-7.652,0,0.158,0.000248,0.73,0.56,75.013,244800,4,This Is Higher Brothers
342,"Midsummer Madness (feat. Joji, Rich Brian, Higher Brothers & AUGUST 08) - KRANE Remix","Midsummer Madness (feat. Joji, Rich Brian, Higher Brothers & AUGUST 08) [KRANE Remix]",88rising,33,Joji,2018-09-25,3CPVEod8rIrAxE9EfqDS5P,0.637,0.644,6,-6.543,0,0.0407,0.0,0.0772,0.207,107.865,238889,4,This Is Higher Brothers
343,Red Rubies,Head In The Clouds,88rising,37,Yung Pinch,2018-07-20,3oFB1Je60Up6LMDDWCi5mJ,0.856,0.382,0,-7.71,0,0.116,0.0,0.106,0.288,135.07,243657,4,This Is Higher Brothers
344,WeChat,Black Cab,Higher Brothers,37,Keith Ape,2017-05-31,49iftzwMkjN6d8YI7fsB7t,0.754,0.675,8,-4.58,1,0.207,0.0,0.0346,0.526,145.815,256804,4,This Is Higher Brothers
345,Gong Xi Fa Cai,Five Stars,Higher Brothers,34,Higher Brothers,2019-02-22,6us2O1p9uBXVqRLi6vDT9T,0.862,0.618,2,-4.209,1,0.312,0.0,0.108,0.234,160.001,173684,4,This Is Higher Brothers
346,Private Party (feat. KnowKnow),Prince Charming,Masiwei,28,KnowKnow,2020-02-28,0X5ZfUToy3JlWmdwmnP1x4,0.823,0.889,0,-4.672,0,0.151,1.51e-05,0.0886,0.35,117.073,182026,4,This Is Higher Brothers
347,Let It Go,Head In The Clouds,88rising,37,BlocBoy JB,2018-07-20,1uGooqNfg2PDfVZ0POkzuU,0.862,0.814,1,-4.836,1,0.142,0.0,0.163,0.814,110.035,169638,4,This Is Higher Brothers
348,Role Playing Game,Mr. Enjoy Da Money,KnowKnow,29,Higher Brothers,2019-12-12,6An8mXh5HiaWc7qcn10bDs,0.779,0.803,8,-4.232,1,0.341,0.0,0.0994,0.454,168.616,196441,4,This Is Higher Brothers
349,Friends & Foes (feat. Snoop Dogg),Friends & Foes (feat. Snoop Dogg),Higher Brothers,32,Snoop Dogg,2019-08-05,2C8me0xQykoMa6krseI8Wd,0.925,0.619,1,-3.752,1,0.186,0.0,0.104,0.0854,95.001,186947,4,This Is Higher Brothers
350,Isabellae,Black Cab,Higher Brothers,32,Higher Brothers,2017-05-31,2QSOWm1cCNHarRUZMVeb3P,0.709,0.799,1,-5.304,1,0.163,0.0,0.119,0.567,178.007,156933,4,This Is Higher Brothers
351,Diamond,Five Stars,Higher Brothers,29,Higher Brothers,2019-02-22,1DlFEqhGmARazOCKYFYIf8,0.836,0.66,8,-5.754,1,0.111,0.0,0.0975,0.752,95.041,192001,4,This Is Higher Brothers
352,Disrespectin,Head In The Clouds,88rising,34,AUGUST 08,2018-07-20,0uuH3Htpahzscc1YSG833Z,0.656,0.632,2,-5.855,1,0.331,0.0,0.0866,0.114,133.819,230173,4,This Is Higher Brothers
353,Go,Prince Charming,Masiwei,24,Higher Brothers,2020-02-28,5SI6uZvQlVkfW8RJtP6pJL,0.747,0.776,7,-5.659,1,0.428,0.0,0.117,0.666,172.027,180000,4,This Is Higher Brothers
354,711,Black Cab,Higher Brothers,29,Higher Brothers,2017-05-31,49gWRs13smbgMgIaDvprp2,0.683,0.763,0,-6.73,1,0.255,0.0,0.152,0.663,136.968,247274,4,This Is Higher Brothers
355,16 Hours,Five Stars,Higher Brothers,35,Higher Brothers,2019-02-22,6isbplW82BSsAfvzVXYRYZ,0.602,0.901,2,-2.555,0,0.105,0.0,0.296,0.756,148.073,172356,4,This Is Higher Brothers
356,Swimming Pool,Head In The Clouds,88rising,34,03 Greedo,2018-07-20,4xUnvfs5lN7hcgWwyXZA11,0.774,0.63,0,-7.807,0,0.286,0.0,0.311,0.77,140.033,272448,4,This Is Higher Brothers
357,Hold Me Down,Head In The Clouds II,88rising,29,Higher Brothers,2019-10-11,5X5lLBN316xuc8bwgSWSgh,0.85,0.741,1,-4.621,1,0.0751,0.0,0.245,0.809,100.975,223366,4,This Is Higher Brothers
358,Young Master,Black Cab,Higher Brothers,29,Higher Brothers,2017-05-31,52Np98dsECVJpOkQ3GHluU,0.841,0.755,10,-4.044,0,0.136,2.01e-06,0.0741,0.644,127.024,218070,4,This Is Higher Brothers
359,Nothing Wrong,Type-3 - EP,Higher Brothers,28,Harikiri,2018-02-27,3LdCNULik3urDPmZ5x1srI,0.825,0.67,1,-7.765,1,0.0702,0.0,0.139,0.646,124.025,160645,4,This Is Higher Brothers
360,Nothing Wrong (feat. Goldlink),Head In The Clouds,88rising,32,GoldLink,2018-07-20,55tfKBrYphNr4sjTeHqtc8,0.806,0.905,5,-4.363,0,0.294,0.0,0.324,0.524,124.001,192401,4,This Is Higher Brothers
361,Chengdu,Prince Charming,Masiwei,25,Higher Brothers,2020-02-28,3gOBsiaxhFUcIEslobaNE1,0.847,0.64,8,-4.191,1,0.169,0.0,0.109,0.66,140.078,205754,4,This Is Higher Brothers
362,"Talk Less and Feel More (feat. AUGUST 08, Barney Bones & Psy.P)",Old Master,Melo,25,Barney Bones,2020-04-20,4Fok6DNEzaVdinO94EuU8n,0.807,0.733,8,-6.889,1,0.222,0.0,0.144,0.36,110.13,224000,4,This Is Higher Brothers
363,NO HOOK,JALA (@1580518553),Bohan Phoenix,25,Higher Brothers,2017-01-27,7arnKIhqd1UFPLKpTnqWSS,0.479,0.74,6,-3.393,0,0.314,0.0,0.213,0.459,177.023,214000,4,This Is Higher Brothers
364,Lose Control (feat. KnowKnow),PSYLIFE.25,Psy.P,18,KnowKnow,2020-05-26,6iZSdo9lNWe80bKhgiJXdO,0.811,0.746,8,-3.702,1,0.0455,0.0,0.122,0.222,110.011,183273,4,This Is Higher Brothers
365,Wudidong,Black Cab,Higher Brothers,26,Higher Brothers,2017-05-31,4QM5Yst6tT8zbtK39ptVh0,0.812,0.795,7,-6.741,1,0.21,0.0,0.328,0.616,119.944,244773,4,This Is Higher Brothers
366,5:30 A.M.,Type-3 - EP,Higher Brothers,22,Harikiri,2018-02-27,7hlKTBzDXetwy5W7ldkh3G,0.824,0.581,2,-10.545,1,0.429,0.0,0.0804,0.463,171.926,157674,4,This Is Higher Brothers
367,Room Service,Journey to the West - EP,Higher Brothers,24,Higher Brothers,2018-01-17,5nklkPTbnSxBbNMt2l3FWU,0.797,0.785,1,-4.146,1,0.281,0.0,0.257,0.736,135.064,175099,4,This Is Higher Brothers
368,King of the Jungle (feat. Melo),PSYLIFE.25,Psy.P,17,Melo,2020-05-26,4rwyEeuyyDeXtN90rzjlH2,0.877,0.843,7,-3.956,1,0.199,0.0,0.126,0.551,94.001,207170,4,This Is Higher Brothers
369,Yahh,Black Cab,Higher Brothers,26,J.Mag,2017-05-31,5c2N1B9HNHIHw8NZZu1DsZ,0.823,0.752,0,-5.876,1,0.275,0.0,0.119,0.384,130.036,280514,4,This Is Higher Brothers
370,world.execute (me) ;,Miracle Milk,Mili,52,Mili,2016-10-12,2aozlm4HfRx8yRYL7RCoAH,0.522,0.817,2,-6.172,0,0.0461,0.652,0.393,0.548,129.971,211913,4,This Is Mili
371,Rightfully (TV Animation Goblin Slayer opening),Rightfully (TV Animation Goblin Slayer opening),Mili,54,Mili,2018-11-18,73tTDsjutmpFg31yIEvx8B,0.39,0.724,4,-6.015,0,0.0635,9.72e-05,0.102,0.301,181.91,213333,4,This Is Mili
372,"In Hell We Live, Lament","In Hell We Live, Lament",Mili,48,KIHOW,2021-12-21,25vvfOwx0tw2N44SMk1cMC,0.45,0.558,8,-7.722,0,0.0346,8.41e-06,0.288,0.146,124.818,223808,4,This Is Mili
373,Mortal With You,Mortal With You,Mili,50,Mili,2022-07-06,2Cl3bTLiHuQlQBcZSxJLON,0.381,0.525,9,-8.039,0,0.0362,1.03e-05,0.0946,0.232,183.635,235773,3,This Is Mili
374,String Theocracy,To Kill a Living Book -for Library Of Ruina-,Mili,49,Mili,2021-10-29,7ETSUd74fhHvG2JldNVizV,0.655,0.78,7,-5.622,0,0.0486,0.0,0.332,0.659,116.027,174170,4,This Is Mili
375,Main Theme,ENDER LILIES: Quietus of the Knights Original Soundtrack,Binary Haze Interactive,43,Mili,2021-06-22,0BpWJNsVnuuLjdAj5VaXdf,0.621,0.0708,0,-18.979,0,0.0445,0.871,0.0905,0.388,111.989,64821,3,This Is Mili
376,Paper Bouquet,Paper Bouquet,Mili,46,Mili,2022-04-02,4bBn7HCdg8psZmGomE5jap,0.563,0.867,0,-7.422,0,0.0356,0.0737,0.21,0.665,106.034,208559,4,This Is Mili
377,Ga1ahad and Scientific Witchery,Miracle Milk,Mili,43,Mili,2016-10-12,5mshWVHuDzHDDTvJvDTqCr,0.515,0.875,9,-5.708,0,0.0364,0.418,0.218,0.497,165.991,221378,4,This Is Mili
378,Children of the City,To Kill a Living Book -for Library Of Ruina-,Mili,42,Mili,2021-10-29,0QB80KYr6gfXcWg5keXib7,0.684,0.648,8,-6.971,1,0.0271,0.0363,0.131,0.446,119.019,234093,4,This Is Mili
379,Harmonious,ENDER LILIES: Quietus of the Knights Original Soundtrack,Binary Haze Interactive,40,Mili,2021-06-22,4FEQgKudL713jO1e6mIBI6,0.534,0.0354,2,-19.829,0,0.0644,0.438,0.0886,0.282,171.95,188372,4,This Is Mili
380,Within (Goblin Slayer Episode Twelve inserted song),Within (Goblin Slayer Episode Twelve inserted song),Mili,44,Mili,2018-12-23,0XGiCdsCrUZmImVOEM6HMn,0.647,0.409,6,-7.899,0,0.0319,0.0105,0.286,0.11,113.906,166184,3,This Is Mili
381,sustain++;,Intrauterine Education,Mili,44,Mili,2020-06-10,1QcKCeK0oOXwSknnlC1W3p,0.598,0.639,0,-7.666,0,0.0292,0.334,0.105,0.321,125.997,361000,4,This Is Mili
382,Gone Angels,To Kill a Living Book -for Library Of Ruina-,Mili,40,Mili,2021-10-29,6ijdkhXSb5w1evhv63b3Hp,0.588,0.32,11,-10.338,0,0.0288,0.00379,0.105,0.478,64.627,144927,4,This Is Mili
383,Bulbel,ENDER LILIES: Quietus of the Knights Original Soundtrack,Binary Haze Interactive,39,Mili,2021-06-22,4WyU2SKd0dOqaA9JrK1xuD,0.399,0.227,6,-10.916,1,0.0339,3.25e-06,0.108,0.118,81.99,206000,4,This Is Mili
384,Summoning 101,Millennium Mother,Mili,39,Mili,2018-04-25,5RHkpffEyeeklJnCmsRWpi,0.624,0.858,0,-5.222,1,0.0252,0.0,0.136,0.823,93.038,171480,4,This Is Mili
385,RTRT,Miracle Milk,Mili,40,Mili,2016-10-12,5PRm5YNFUs6sWwAgoJdJIi,0.647,0.798,7,-6.72,1,0.0326,0.204,0.1,0.446,131.981,215024,4,This Is Mili
386,"Salt, Pepper, Birds, and the Thought Police",To Kill a Living Book -for Library Of Ruina-,Mili,40,Mili,2021-10-29,3HzN4vC4BUatIwvAUa3Fi9,0.62,0.601,3,-5.945,1,0.0556,0.0,0.0782,0.615,77.96,244078,4,This Is Mili
387,Prologue,ENDER LILIES: Quietus of the Knights Original Soundtrack,Binary Haze Interactive,36,Mili,2021-06-22,39t9yFg730V3flgtAZxZHK,0.646,0.0393,0,-20.965,0,0.0624,0.943,0.126,0.0513,112.954,58407,3,This Is Mili
388,Iron Lotus,Iron Lotus,Mili,39,Mili,2021-02-27,28WEtxlwyWAScqgTQSZzUQ,0.573,0.728,11,-8.961,0,0.0372,0.101,0.377,0.361,137.942,237851,4,This Is Mili
389,Birthday Kid,Birthday Kid,Mili,38,Mili,2019-10-24,3nOPBxg7m74ai6nl0tIu6b,0.559,0.568,0,-8.88,0,0.0304,0.382,0.129,0.477,75.029,211779,4,This Is Mili
390,From a Place of Love,To Kill a Living Book -for Library Of Ruina-,Mili,38,Mili,2021-10-29,2slcjiJjdLSNG7Hl9zVFfS,0.63,0.416,0,-10.294,1,0.0325,0.00388,0.16,0.408,119.941,182088,4,This Is Mili
391,Lily,ENDER LILIES: Quietus of the Knights Original Soundtrack,Binary Haze Interactive,37,Mili,2021-06-22,0fK5eNixqs74UiJRQDDgeG,0.2,0.0257,5,-26.618,0,0.0381,0.908,0.0972,0.0346,88.677,190909,5,This Is Mili
392,A Turtle's Heart - Key Ingredient ver.,Key Ingredient,Mili,35,Mili,2022-06-03,3eBVgYz7pY6fxhIZ85i4ax,0.66,0.258,11,-13.74,0,0.0311,0.000262,0.0638,0.586,147.903,174552,4,This Is Mili
393,Skin-Deep Comedy,Skin-Deep Comedy,Promise of wizard,35,Mili,2022-03-18,2EIos9wevEoIGr8lSKEBhv,0.551,0.39,1,-11.341,0,0.0248,1.03e-05,0.0797,0.304,103.955,322414,4,This Is Mili
394,Poems of a Machine,To Kill a Living Book -for Library Of Ruina-,Mili,37,Mili,2021-10-29,7gTxVOyb4dRPrn68KadstF,0.584,0.554,6,-7.164,0,0.031,0.102,0.115,0.245,129.947,274084,4,This Is Mili
395,A Nocturne for All,ENDER LILIES: Quietus of the Knights Original Soundtrack,Binary Haze Interactive,32,Mili,2021-06-22,3YBPHxRQAGgbaUf2CBIerY,0.619,0.186,0,-21.69,0,0.0302,0.918,0.106,0.527,95.003,167368,3,This Is Mili
396,Victim,Victim,Mili,36,Mili,2019-01-24,0f4OsXL2l0d5xCPyA0vB7q,0.442,0.581,3,-6.471,1,0.0315,0.00074,0.116,0.195,77.058,231712,4,This Is Mili
397,Bathtub Mermaid,Miracle Milk,Mili,36,Mili,2016-10-12,64UdBWOO6lIsD86qkL9euA,0.653,0.216,3,-13.426,0,0.0323,0.0525,0.12,0.287,117.028,224022,3,This Is Mili
398,Static,Static,Mili,36,Mili,2020-02-01,46Jzcegrh5I5nQtT3TDRuK,0.315,0.396,0,-10.784,0,0.0369,0.000134,0.194,0.29,101.64,213111,5,This Is Mili
399,"Dandelion Girls, Dandelion Boys",Dandelions & Bento Boxes,Mili,33,Mili,2022-01-14,3sKeUtZ3MDjpWGo17dTzE1,0.473,0.59,11,-11.655,0,0.0503,0.0276,0.134,0.343,166.102,170964,4,This Is Mili
400,Camelia,Millennium Mother,Mili,36,Mili,2018-04-25,4NF2wkVJMrUipF7UDVmfjn,0.643,0.47,1,-6.043,0,0.0263,0.0,0.132,0.442,126.035,279987,4,This Is Mili
401,Red Dahlia,Miracle Milk,Mili,34,Mili,2016-10-12,3e3RJprC6Tdqdvp7KjCG1f,0.487,0.259,0,-10.441,0,0.0291,0.000563,0.131,0.314,107.899,137546,3,This Is Mili
402,Utopiosphere,Mag Mell,Mili,34,Mili,2014-09-24,3pbOW4z7XOook7GFmt48v6,0.592,0.631,7,-9.515,1,0.0479,2.23e-06,0.0858,0.506,88.031,132955,4,This Is Mili
403,Mitsubachi,Mitsubachi,Mili,34,Mili,2019-10-04,3lIkIykzGRhDAmg536iXuC,0.719,0.73,5,-8.628,0,0.0489,0.00762,0.0852,0.464,147.911,178127,4,This Is Mili
404,Vitamins,Millennium Mother,Mili,35,World's End Girlfriend,2018-04-25,0bHINzk3dXPggelTZeMxEe,0.674,0.652,10,-6.51,1,0.032,0.0177,0.11,0.586,95.517,300387,4,This Is Mili
405,Utopiosphere -Platonism-,Miracle Milk,Mili,34,Mili,2016-10-12,17oaQnX7dsafcpho64juVm,0.457,0.298,0,-11.84,1,0.0332,0.0103,0.0929,0.53,176.085,131208,4,This Is Mili
406,Sloth,Sloth,Mili,33,Mili,2019-09-10,33bTCbRo9JMdFPnhhStFv7,0.765,0.39,10,-9.301,1,0.0549,0.0678,0.112,0.448,115.997,173349,4,This Is Mili
407,雨と体液と匂い,雨と体液と匂い,Mili,34,Mili,2020-06-10,1ouz5gvh7XQm0Ryj7OwKZ1,0.689,0.488,3,-8.972,1,0.0296,0.00532,0.103,0.3,127.977,299000,4,This Is Mili
408,Mirror Mirror,Millennium Mother,Mili,33,Mili,2018-04-25,62A9O04etYcSU93mlbEgx7,0.756,0.74,4,-5.788,0,0.0336,0.00074,0.101,0.629,119.988,194173,4,This Is Mili
409,world.search (you) ;,Hue,Mili,36,Mili,2017-05-24,3e2OvQb3ps7AoYldKCjJhW,0.734,0.689,0,-6.991,1,0.0443,4.15e-05,0.0764,0.935,138.917,292484,4,This Is Mili
410,Cast Me a Spell,Cast Me a Spell,Promise of wizard,32,Mili,2020-02-21,1qM5Q0M8jbdIk4JzYJbq0K,0.679,0.608,0,-11.339,0,0.0602,0.0725,0.391,0.691,141.071,140442,4,This Is Mili
411,Rubber Human - Key Ingredient ver.,Key Ingredient,Mili,31,Mili,2022-06-03,7BkcYnj2j8xBtGuaVYw7V4,0.846,0.333,11,-14.959,1,0.068,0.0,0.0738,0.494,129.963,147573,4,This Is Mili
412,Though Our Paths May Diverge (Goblin Slayer Episode Seven inserted song),Rightfully (TV Animation Goblin Slayer opening),Mili,33,Mili,2018-12-05,3bQQKyBQW6owZQqowvdSa1,0.109,0.24,1,-12.274,0,0.0355,0.00316,0.0907,0.0521,166.383,198767,4,This Is Mili
413,YUBIKIRI-GENMAN,Mag Mell,Mili,34,Mili,2014-09-24,01n5Gzf6NE3IFqjWqkpgCv,0.566,0.282,5,-10.886,1,0.0342,0.000127,0.0672,0.396,73.001,235832,4,This Is Mili
414,With a Billion Worldful of <3,Millennium Mother,Mili,33,DE DE MOUSE,2018-04-25,1iOHtZpeycLcK5AyaSMcwV,0.456,0.678,10,-6.417,0,0.0414,2.05e-05,0.0812,0.323,150.217,205480,4,This Is Mili
415,My Creator,My Creator,Mili,32,Mili,2022-02-26,5iYe1VSmOWbEGo6Oyy31ii,0.259,0.485,11,-7.105,1,0.0346,0.00918,0.176,0.227,81.162,192640,3,This Is Mili
416,TOKYO NEON - Key Ingredient ver.,Key Ingredient,Mili,30,Mili,2022-06-03,2YYxD0a8Ss4TrKaSnNx7WV,0.491,0.285,11,-12.174,1,0.0387,6.08e-05,0.0937,0.558,92.446,253024,4,This Is Mili
417,Flowerworks,Flowerworks,Promise of wizard,31,Mili,2021-08-24,44tXxgxaYuaV3Oa4YOCJyE,0.367,0.568,9,-7.8,1,0.0291,0.00113,0.128,0.368,167.863,225983,3,This Is Mili
418,Mushrooms,Millennium Mother,Mili,32,Mili,2018-04-25,6WNsXkb1s8TvE2qN4V1wo1,0.573,0.601,1,-7.539,1,0.0367,0.0,0.0688,0.336,155.915,225053,4,This Is Mili
419,Nine Point Eight,Mag Mell,Mili,32,Mili,2014-09-24,3Ue79QtEfx0xECmXb28LeK,0.429,0.704,2,-6.803,1,0.0373,3.17e-05,0.125,0.554,82.025,190610,4,This Is Mili
420,"Costa Rica (with Bas & JID feat. Guapdad 4000, Reese LAFLARE, Jace, Mez, Smokepurpp, Buddy & Ski Mask The Slump God)",Revenge Of The Dreamers III,Dreamville,67,Guapdad 4000,2019-07-05,5WnfnSpuNEGXyEt78PBA6d,0.642,0.647,7,-6.312,0,0.428,0,0.0649,0.664,120.749,217867,4,This Is Guapdad 4000
421,Dragonball Durag - Remix,Dragonball Durag (Remix),Thundercat,54,Guapdad 4000,2020-08-25,1PrVLmXkJjh2vEhmBEKLeM,0.626,0.597,6,-9.943,0,0.33,1.53e-05,0.122,0.578,80.985,221099,4,This Is Guapdad 4000
422,Fearless,Fearless,Guapdad 4000,52,Valentino Khan,2022-01-26,7pDUFFF3J4WEu1aZMW4M4b,0.696,0.978,4,-0.72,0,0.043,0.000474,0.105,0.762,107.971,140000,4,This Is Guapdad 4000
423,BALI,BALI,Rich Brian,51,Guapdad 4000,2020-04-10,2XW3vH6ZqMHvlzUSfhWW2X,0.855,0.645,5,-6.321,0,0.0545,0,0.226,0.654,129.999,199385,4,This Is Guapdad 4000
424,Wells Fargo (with JID & EARTHGANG feat. Buddy & Guapdad 4000) - Interlude,Revenge Of The Dreamers III,Dreamville,56,Buddy,2019-07-05,2gtFMLjQpCTGekMi4oXZxN,0.8,0.826,1,-3.198,1,0.107,4.76e-06,0.181,0.241,148.021,123413,4,This Is Guapdad 4000
425,Poppin Pills - Remix,Poppin Pills (Remix),Jace,33,Childish Major,2022-05-20,1DFhROz5Gp7e6NMrmN3KDW,0.64,0.704,0,-8.546,1,0.296,0,0.217,0.563,160.048,112300,4,This Is Guapdad 4000
426,Pose (feat. Wiz Khalifa & Curren$y),Pose (feat. Wiz Khalifa & Curren$y),Guapdad 4000,46,Curren$y,2022-06-10,1EaEXPXlb3Xp19Aj3Nw8v1,0.76,0.612,1,-3.963,1,0.235,0,0.0375,0.662,187.934,204528,4,This Is Guapdad 4000
427,TOO BAD,TOO BAD,Kembe X,44,Guapdad 4000,2020-12-11,76JsE4rm4ewpq8z4Bzbrtx,0.814,0.599,5,-5.393,0,0.103,0,0.126,0.686,77.54,189381,4,This Is Guapdad 4000
428,"Don't Hit Me Right Now (with Bas & Cozz feat. Yung Baby Tate, Guapdad 4000 & Buddy)",Revenge Of The Dreamers III,Dreamville,48,Baby Tate,2019-07-05,4ChD9wq9iakg5UdeSzmgPE,0.779,0.597,10,-6.694,0,0.0851,0,0.131,0.432,124.056,174360,4,This Is Guapdad 4000
429,Black Iverson,Black Iverson,Guapdad 4000,44,Guapdad 4000,2022-04-29,3sLNEWdnPH6ML05Z8wFZhM,0.742,0.523,1,-5.162,1,0.108,0,0.0905,0.283,155.547,185925,4,This Is Guapdad 4000
430,Foolish,Shang-Chi and The Legend of The Ten Rings: The Album,88rising,45,Guapdad 4000,2021-09-03,3nXWCSTtbJFwvnLuMTIYwF,0.869,0.794,1,-5.217,1,0.0426,0,0.0769,0.339,112.017,177627,4,This Is Guapdad 4000
431,Cheap,Cheap,Guapdad 4000,42,Guapdad 4000,2022-03-17,5ICnHKFy7yBDTEFjZ8hODA,0.937,0.416,7,-10.416,0,0.418,0,0.0437,0.786,100.039,106027,4,This Is Guapdad 4000
432,Uncle Ricky,1176,Guapdad 4000,42,!llmind,2021-03-19,4oVTvW28J81iFfeqKTf50n,0.571,0.733,6,-6.246,0,0.342,7.97e-06,0.34,0.589,82.779,142255,4,This Is Guapdad 4000
433,Red Flags,Red Flags,Guapdad 4000,42,Guapdad 4000,2018-12-04,0hh6WnWAfP96gFcQWIxQ9G,0.868,0.468,10,-8.047,1,0.0875,0,0.11,0.211,98.025,156888,4,This Is Guapdad 4000
434,Iced Out Gold Chain,Dior Deposits (Deluxe),Guapdad 4000,42,Guapdad 4000,2019-12-20,3HYw9gQIuoZvfGebOrKob5,0.814,0.531,9,-7.113,1,0.117,0,0.0784,0.576,98.037,211755,4,This Is Guapdad 4000
435,Alpha,Alpha,Guapdad 4000,41,Guapdad 4000,2020-10-30,086xJzFlEYeCrQmFIVizMb,0.916,0.572,8,-5.566,0,0.105,4.88e-06,0.104,0.589,99.998,172800,4,This Is Guapdad 4000
436,Careless,Careless,Travis Thompson,37,Guapdad 4000,2022-08-23,1uuJEGhJGvoESZcP9P00Zk,0.883,0.488,3,-9.502,0,0.33,0,0.108,0.612,101.087,153880,4,This Is Guapdad 4000
437,People Pleaser,From Me To You,Quadeca,38,Guapdad 4000,2021-03-30,2qCvU8bd5U66RvbMlb5txr,0.667,0.654,4,-9.06,1,0.221,0,0.106,0.502,125.174,202200,4,This Is Guapdad 4000
438,Lil Scammer That Could (feat. Denzel Curry),Lil Scammer That Could (feat. Denzel Curry),Guapdad 4000,42,Denzel Curry,2020-06-26,2nSKol7UyxwffI6jLYTuUd,0.835,0.645,7,-5.397,1,0.116,4.27e-06,0.0818,0.524,79.992,186000,4,This Is Guapdad 4000
439,Windows Down,Windows Down,Moslikely,36,Guapdad 4000,2022-08-16,3s4xbg1cTfkfmJF4J8njSx,0.663,0.487,9,-8.311,1,0.0529,1.69e-06,0.124,0.417,158.032,164101,4,This Is Guapdad 4000
440,Champagne,Saved by the Bellinger,Eric Bellinger,27,Guapdad 4000,2019-09-27,2XdRZYuYwyuc6NLwJHCuWa,0.853,0.668,8,-4.029,1,0.176,0,0.107,0.624,137.052,182191,4,This Is Guapdad 4000
441,Oh Really? (feat. Kiefer),Oh Really? (feat. Kiefer),Lou Phelps,35,Kiefer,2022-04-18,0ZO6pL1cZgaOSIGQZi1OxW,0.68,0.714,7,-3.933,0,0.117,0,0.173,0.61,140.087,234857,4,This Is Guapdad 4000
442,Chicken Adobo,1176,Guapdad 4000,37,!llmind,2021-03-19,16ZSaXzmcsIXvHaK2HhT8r,0.887,0.401,5,-8.132,1,0.0646,1.96e-06,0.0728,0.601,128.047,182833,4,This Is Guapdad 4000
443,"Izayah (feat. Key!, Maxo Kream, Denzel Curry & Kenny Beats)",Dior Deposits (Deluxe),Guapdad 4000,40,Denzel Curry,2019-12-20,6136OsDSYIDRB10R2MSgWl,0.912,0.696,8,-4.509,1,0.307,0,0.138,0.586,142.028,213559,4,This Is Guapdad 4000
444,"No Chorus (with Bas feat. Buddy, Guapdad 4000 & Dreezy)",Revenge Of The Dreamers III: Director's Cut,Dreamville,40,Buddy,2020-01-16,7oL60LH1UJgqauinmCYiGr,0.691,0.392,2,-9.534,1,0.25,0,0.149,0.0891,148.297,202213,4,This Is Guapdad 4000
445,Simma (feat. Guapdad 4000),Postmodern Depression,Marc E. Bassy,35,Guapdad 4000,2018-10-05,049uvdNt8TKb05GsxpuQtU,0.851,0.632,2,-4.388,1,0.0837,5.18e-06,0.0672,0.5,90.985,155627,4,This Is Guapdad 4000
446,Thank the Gang,Sugar Hill Express,Twelve'len,36,Guapdad 4000,2021-07-09,5SgN6tSP1F0PiI8xpegq7e,0.735,0.55,2,-8.695,0,0.0952,0,0.465,0.57,108.017,181111,4,This Is Guapdad 4000
447,Platinum Falcon,"Platinum Falcon Tape, Vol. 1",Guapdad 4000,37,Guapdad 4000,2020-04-24,5YEGFGqgL8S9SXrtur19mR,0.957,0.825,1,-5.708,1,0.187,0,0.102,0.931,132.067,150286,4,This Is Guapdad 4000
448,Women Who Look Like You (feat. Guapdad 4000),Women Who Look Like You (feat. Guapdad 4000),JP Saxe,32,Guapdad 4000,2019-08-28,6kb6eE0tLvCoNbPUVsShro,0.655,0.497,7,-7.247,0,0.117,0,0.332,0.81,87.17,186381,4,This Is Guapdad 4000
449,Stuck With It (feat. Tory Lanez),Dior Deposits (Deluxe),Guapdad 4000,39,Tory Lanez,2019-12-20,4B9pOIJp309DPpr2LHHlcz,0.711,0.584,5,-7.648,1,0.0707,0,0.178,0.722,97.972,181455,4,This Is Guapdad 4000
450,Oaklandish,Ain't Gone Do It / Terms and Conditions,Too $hort,36,Rayven Justice,2020-12-18,5nYRlF5XVaw2xh3mT4XNR3,0.858,0.462,8,-7.592,1,0.213,0,0.195,0.489,100.971,166019,4,This Is Guapdad 4000
451,Hoe,GUAP,Guapdad 4000,33,Guapdad 4000,2022-07-14,4QUoiPcdTrawfDs7UAsfjs,0.704,0.696,1,-3.927,0,0.269,0,0.257,0.573,194.099,157848,4,This Is Guapdad 4000
452,Déjà Vu (feat. Guapdad 4000),BETTER (Deluxe),Deante' Hitchcock,33,Guapdad 4000,2020-10-28,5oFMrjiZJZsJ3vYXw6A9qs,0.763,0.605,8,-6.199,1,0.255,1.49e-06,0.169,0.404,139.023,228112,4,This Is Guapdad 4000
453,Prada Process (feat. 6lack),Dior Deposits (Deluxe),Guapdad 4000,37,6LACK,2019-12-20,1eZJY83Pkp0VqkCiaMLh9E,0.57,0.63,1,-6.765,0,0.458,0,0.111,0.501,84.537,198717,4,This Is Guapdad 4000
454,"Passcode (with Ari Lennox feat. Buddy, Smino, Mez & Guapdad 4000)",Revenge Of The Dreamers III: Director's Cut,Dreamville,36,Smino,2020-01-16,18AFdCGyTiy6WtTDlx1HnN,0.626,0.42,1,-9.459,1,0.54,2.64e-06,0.117,0.604,140.929,206000,4,This Is Guapdad 4000
455,Shameless (feat. Guapdad 4000),Harlan & Alondra,Buddy,35,Guapdad 4000,2018-07-20,7DfwPDwnkllMCFTf5cvxv0,0.713,0.677,9,-6.991,0,0.228,0,0.304,0.539,143.882,242160,4,This Is Guapdad 4000
456,How Many,How Many,Guapdad 4000,34,!llmind,2021-02-12,1iFMSqqBIpt1O9pEfVKKdf,0.83,0.492,6,-8.611,0,0.0482,7.1e-05,0.257,0.619,102.994,205124,4,This Is Guapdad 4000
457,Ice Cold,Eat When You're Hungry Sleep When You're Tired,Jay Worthy,32,G Perico,2020-05-01,4YlAdXEEU7HhX0ykKX2ViX,0.627,0.847,7,-3.738,1,0.29,0,0.304,0.867,181.05,196243,4,This Is Guapdad 4000
458,HALO HALO - REMIX (feat. Guapdad 4000 and Chevy),HALO HALO [REMIX (feat. Guapdad 4000 and Chevy)],Shawn Wasabi,29,Chevy,2020-10-09,74OHCwn7ZMQyjcBqem5gXn,0.749,0.883,0,-1.121,1,0.0456,0.0159,0.308,0.647,92.02,170870,4,This Is Guapdad 4000
459,Grammys,Grammys,Lou From Paradise,24,Guapdad 4000,2022-06-01,6FYUCyGVsivmet3ix7W2KX,0.872,0.816,10,-5.514,1,0.297,0,0.105,0.861,140.008,153783,4,This Is Guapdad 4000
460,Trade Places With Them Jeans,"Platinum Falcon Tape, Vol. 1",Guapdad 4000,30,Guapdad 4000,2020-04-24,1awKFdswWnFNPAdIbR7PES,0.539,0.548,4,-6.157,0,0.0409,0,0.0798,0.385,172.012,139814,4,This Is Guapdad 4000
461,"Anime Shawty, Vol. 2","Anime Shawty, Vol. 2",lil ricefield,31,Guapdad 4000,2021-01-29,06ZyvWsq2WYMFVkf0epX6u,0.822,0.634,5,-8.432,0,0.209,0,0.141,0.49,95.155,185686,4,This Is Guapdad 4000
462,Gucci Pajamas (feat. Chance the Rapper and Charlie Wilson),Dior Deposits (Deluxe),Guapdad 4000,33,Charlie Wilson,2019-12-20,6Xd0UxhSnQYCyvGGAMHajB,0.583,0.665,1,-4.676,1,0.342,0,0.145,0.927,112.842,203669,5,This Is Guapdad 4000
463,IM COMING OVER THERE (feat. Guapdad 4000),BEFORE SHIT GOT WEIRD,The Cool Kids,27,Guapdad 4000,2022-03-03,0qEOWzUOs1ydgWAWh9R4VL,0.879,0.811,9,-5.868,1,0.274,0.00017,0.084,0.655,143.985,243500,4,This Is Guapdad 4000
464,Greedy,"Platinum Falcon Tape, Vol. 1",Guapdad 4000,31,Guapdad 4000,2020-04-24,5hiZVBhInHzefK3Xv2xEjU,0.864,0.535,6,-5.684,0,0.302,0,0.0527,0.825,128.02,157563,4,This Is Guapdad 4000
465,"Link Up (feat. Kent Jamz, Bas, Guapdad 4000, J.I.D, Ari Lennox & BJ The Chicago Kid)",Harlan & Alondra (Deluxe),Buddy,30,Guapdad 4000,2019-02-08,4nuNVamQpqDk9FiYITfnuo,0.766,0.855,1,-6.37,0,0.154,0,0.108,0.227,112.003,190467,4,This Is Guapdad 4000
466,Money,Money,Guapdad 4000,27,Drew Banga,2021-12-02,2c0lpkLWgSBzBbGOPXY9gk,0.857,0.857,2,-3.712,1,0.174,0,0.314,0.861,97.231,160400,4,This Is Guapdad 4000
467,I Need Bands,I Need Bands,Guapdad 4000,27,Guapdad 4000,2022-01-21,4mU3dpFlrTUqp94wrQodYk,0.851,0.637,5,-5.459,1,0.199,0,0.0902,0.386,92.522,169045,4,This Is Guapdad 4000
468,Catching Bodies,1176,Guapdad 4000,24,!llmind,2021-03-19,64VczojqAkyP8mRverubKy,0.967,0.528,4,-7.316,0,0.0895,0.00338,0.17,0.178,113.982,168421,4,This Is Guapdad 4000
469,Orgasm Full Of Pain (feat. Deante Hitchcock),Orgasm Full Of Pain (feat. Deante Hitchcock),Guapdad 4000,26,Deante' Hitchcock,2020-07-24,77VQHwQf3PJe1BZuBLzYQt,0.674,0.572,0,-8.844,0,0.403,0,0.104,0.667,76.996,216973,4,This Is Guapdad 4000
