,song name,album,artist,featured,release_date,length(ms),popularity,acousticness,danceability,energy,liveness,tempo,valence
0,world.execute (me) ;,Miracle Milk,Mili,['Mili'],2016-10-12,211912,52,0.00453,0.522,0.817,0.393,129.971,0.548
1,Rightfully (TV Animation Goblin Slayer opening),Rightfully (TV Animation Goblin Slayer opening),Mili,['Mili'],2018-11-18,213333,54,0.00423,0.39,0.724,0.102,181.91,0.301
2,"In Hell We Live, Lament","In Hell We Live, Lament",Mili,"['Mili', 'KIHOW']",2021-12-21,223807,48,0.228,0.45,0.558,0.288,124.818,0.146
3,Mortal With You,Mortal With You,Mili,['Mili'],2022-07-06,235773,50,0.402,0.381,0.525,0.0946,183.635,0.232
4,String Theocracy,To Kill a Living Book -for Library Of Ruina-,Mili,['Mili'],2021-10-29,174170,49,0.174,0.655,0.78,0.332,116.027,0.659
5,Main Theme,ENDER LILIES: Quietus of the Knights Original Soundtrack,Binary Haze Interactive,"['Binary Haze Interactive', 'Mili']",2021-06-22,64821,43,0.986,0.621,0.0708,0.0905,111.989,0.388
6,Paper Bouquet,Paper Bouquet,Mili,['Mili'],2022-04-02,208559,46,0.0114,0.563,0.867,0.21,106.034,0.665
7,Ga1ahad and Scientific Witchery,Miracle Milk,Mili,['Mili'],2016-10-12,221378,43,0.0282,0.515,0.875,0.218,165.991,0.497
8,Children of the City,To Kill a Living Book -for Library Of Ruina-,Mili,['Mili'],2021-10-29,234093,43,0.0187,0.684,0.648,0.131,119.019,0.446
9,Harmonious,ENDER LILIES: Quietus of the Knights Original Soundtrack,Binary Haze Interactive,"['Binary Haze Interactive', 'Mili']",2021-06-22,188372,40,0.988,0.534,0.0354,0.0886,171.95,0.282
10,Within (Goblin Slayer Episode Twelve inserted song),Within (Goblin Slayer Episode Twelve inserted song),Mili,['Mili'],2018-12-23,166184,44,0.566,0.647,0.409,0.286,113.906,0.11
11,sustain++;,Intrauterine Education,Mili,['Mili'],2020-06-10,361000,44,0.00504,0.598,0.639,0.105,125.997,0.321
12,Gone Angels,To Kill a Living Book -for Library Of Ruina-,Mili,['Mili'],2021-10-29,144926,40,0.808,0.588,0.32,0.105,64.627,0.478
13,Bulbel,ENDER LILIES: Quietus of the Knights Original Soundtrack,Binary Haze Interactive,"['Binary Haze Interactive', 'Mili']",2021-06-22,206000,39,0.837,0.399,0.227,0.108,81.99,0.118
14,Summoning 101,Millennium Mother,Mili,['Mili'],2018-04-25,171480,39,0.0327,0.624,0.858,0.136,93.038,0.823
15,Iron Lotus,Iron Lotus,Mili,['Mili'],2021-02-27,237850,39,0.29,0.573,0.728,0.377,137.942,0.361
16,"Salt, Pepper, Birds, and the Thought Police",To Kill a Living Book -for Library Of Ruina-,Mili,['Mili'],2021-10-29,244077,40,0.661,0.62,0.601,0.0782,77.96,0.615
17,Prologue,ENDER LILIES: Quietus of the Knights Original Soundtrack,Binary Haze Interactive,"['Binary Haze Interactive', 'Mili']",2021-06-22,58407,36,0.982,0.646,0.0393,0.126,112.954,0.0513
18,RTRT,Miracle Milk,Mili,['Mili'],2016-10-12,215023,40,0.0202,0.647,0.798,0.1,131.981,0.446
19,Birthday Kid,Birthday Kid,Mili,['Mili'],2019-10-24,211779,38,0.738,0.559,0.568,0.129,75.029,0.477
20,From a Place of Love,To Kill a Living Book -for Library Of Ruina-,Mili,['Mili'],2021-10-29,182087,38,0.715,0.63,0.416,0.16,119.941,0.408
21,Lily,ENDER LILIES: Quietus of the Knights Original Soundtrack,Binary Haze Interactive,"['Binary Haze Interactive', 'Mili']",2021-06-22,190909,37,0.978,0.2,0.0257,0.0972,88.677,0.0346
22,A Turtle's Heart - Key Ingredient ver.,Key Ingredient,Mili,['Mili'],2022-06-03,174551,35,0.792,0.66,0.258,0.0638,147.903,0.586
23,Skin-Deep Comedy,Skin-Deep Comedy,Promise of wizard,"['Promise of wizard', 'Mili']",2022-03-18,322414,35,0.0949,0.551,0.39,0.0797,103.955,0.304
24,Poems of a Machine,To Kill a Living Book -for Library Of Ruina-,Mili,['Mili'],2021-10-29,274084,37,0.268,0.584,0.554,0.115,129.947,0.245
25,A Nocturne for All,ENDER LILIES: Quietus of the Knights Original Soundtrack,Binary Haze Interactive,"['Binary Haze Interactive', 'Mili']",2021-06-22,167368,32,0.985,0.619,0.186,0.106,95.003,0.527
26,Victim,Victim,Mili,['Mili'],2019-01-24,231712,36,0.666,0.442,0.581,0.116,77.058,0.195
27,Bathtub Mermaid,Miracle Milk,Mili,['Mili'],2016-10-12,224022,36,0.83,0.653,0.216,0.12,117.028,0.287
28,Static,Static,Mili,['Mili'],2020-02-01,213111,36,0.735,0.315,0.396,0.194,101.64,0.29
29,Camelia,Millennium Mother,Mili,['Mili'],2018-04-25,279986,36,0.757,0.643,0.47,0.132,126.035,0.442
30,"Dandelion Girls, Dandelion Boys",Dandelions & Bento Boxes,Mili,['Mili'],2022-01-14,170963,33,0.344,0.473,0.59,0.134,166.102,0.343
31,Red Dahlia,Miracle Milk,Mili,['Mili'],2016-10-12,137546,34,0.816,0.487,0.259,0.131,107.899,0.314
32,Utopiosphere,Mag Mell,Mili,['Mili'],2014-09-24,132954,34,0.571,0.592,0.631,0.0858,88.031,0.506
33,Vitamins,Millennium Mother,Mili,"['Mili', '""Worlds End Girlfriend""']",2018-04-25,300386,35,0.365,0.674,0.652,0.11,95.517,0.586
34,Sloth,Sloth,Mili,['Mili'],2019-09-10,173348,33,0.362,0.765,0.39,0.112,115.997,0.448
35,Utopiosphere -Platonism-,Miracle Milk,Mili,['Mili'],2016-10-12,131207,34,0.836,0.457,0.298,0.0929,176.085,0.53
36,Mitsubachi,Mitsubachi,Mili,['Mili'],2019-10-04,178126,34,0.348,0.719,0.73,0.0852,147.911,0.464
37,Mirror Mirror,Millennium Mother,Mili,['Mili'],2018-04-25,194173,33,0.121,0.756,0.74,0.101,119.988,0.629
38,Cast Me a Spell,Cast Me a Spell,Promise of wizard,"['Promise of wizard', 'Mili']",2020-02-21,140442,32,0.274,0.679,0.608,0.391,141.071,0.691
39,Though Our Paths May Diverge (Goblin Slayer Episode Seven inserted song),Rightfully (TV Animation Goblin Slayer opening),Mili,['Mili'],2018-12-05,198767,33,0.848,0.109,0.24,0.0907,166.383,0.0521
40,world.search (you) ;,Hue,Mili,['Mili'],2017-05-24,292484,36,0.0423,0.734,0.689,0.0764,138.917,0.935
41,雨と体液と匂い,雨と体液と匂い,Mili,['Mili'],2020-06-10,299000,34,0.204,0.689,0.488,0.103,127.977,0.3
42,Rubber Human - Key Ingredient ver.,Key Ingredient,Mili,['Mili'],2022-06-03,147573,31,0.879,0.846,0.333,0.0738,129.963,0.494
43,YUBIKIRI-GENMAN,Mag Mell,Mili,['Mili'],2014-09-24,235831,34,0.883,0.566,0.282,0.0672,73.001,0.396
44,With a Billion Worldful of <3,Millennium Mother,Mili,"['Mili', 'DE DE MOUSE']",2018-04-25,205480,33,0.126,0.456,0.678,0.0812,150.217,0.323
45,My Creator,My Creator,Mili,['Mili'],2022-02-26,192640,32,0.556,0.259,0.485,0.176,81.162,0.227
46,TOKYO NEON - Key Ingredient ver.,Key Ingredient,Mili,['Mili'],2022-06-03,253024,30,0.819,0.491,0.285,0.0937,92.446,0.558
47,Flowerworks,Flowerworks,Promise of wizard,"['Promise of wizard', 'Mili']",2021-08-24,225982,31,0.644,0.367,0.568,0.128,167.863,0.368
48,Mushrooms,Millennium Mother,Mili,['Mili'],2018-04-25,225053,33,0.17,0.573,0.601,0.0688,155.915,0.336
49,Nine Point Eight,Mag Mell,Mili,['Mili'],2014-09-24,190609,32,0.0725,0.429,0.704,0.125,82.025,0.554
50,Tequila Sunrise (feat. AUGUST 08 & GoldLink),Head In The Clouds II,88rising,"['88rising', 'Jackson Wang', 'Higher Brothers']",2019-10-11,243332,52,0.0313,0.8,0.545,0.0929,99.981,0.458
51,R&B All Night,Mr. Enjoy Da Money,KnowKnow,"['KnowKnow', 'Higher Brothers']",2019-12-12,233846,49,0.00638,0.761,0.545,0.0456,78.034,0.799
52,"Midsummer Madness 20 (feat. Joji, Rich Brian, Higher Brothers & AUGUST 08)","Midsummer Madness 20 (feat. Joji, Rich Brian, Higher Brothers & AUGUST 08)",88rising,"['88rising', 'Danny Ocean', 'AUGUST 08']",2020-08-14,246947,50,0.498,0.726,0.789,0.0907,94.987,0.56
53,Lover Boy 88,Head In The Clouds,88rising,"['88rising', 'Phum Viphurit', 'Higher Brothers']",2018-07-20,233033,49,0.349,0.734,0.699,0.261,109.979,0.5
54,Crush On You (feat. step.jad),Prince Charming,Masiwei,"['Masiwei', 'Higher Brothers', 'step.jad']",2020-02-28,229064,46,0.642,0.832,0.662,0.107,96.029,0.687
55,Mr. Bentley,Mr. Enjoy Da Money,KnowKnow,"['KnowKnow', 'Higher Brothers']",2019-12-12,159183,45,0.39,0.891,0.746,0.0946,97.996,0.493
56,2 The Face,Head In The Clouds II,88rising,"['88rising', 'Rich Brian', 'Higher Brothers']",2019-10-11,151531,42,0.168,0.649,0.684,0.141,171.994,0.342
57,Lucy Liu (feat. Bohan Phoenix),PSYLIFE.25,Psy.P,"['Psy.P', 'Higher Brothers', 'Bohan Phoenix']",2020-05-27,206400,41,0.00459,0.829,0.643,0.257,100.043,0.0402
58,Amsterdam (feat. KnowKnow),Prince Charming,Masiwei,"['Masiwei', 'Higher Brothers', 'KnowKnow']",2020-02-28,187058,39,0.244,0.803,0.672,0.107,136.043,0.673
59,Face Power (feat. Jackson Wang),Mr. Enjoy Da Money,KnowKnow,"['KnowKnow', 'Higher Brothers', 'Jackson Wang']",2019-12-12,178983,38,0.305,0.793,0.737,0.0945,88.493,0.172
60,Storm,Type-3 - EP,Higher Brothers,"['Higher Brothers', 'Harikiri']",2018-02-27,158785,37,0.122,0.759,0.627,0.406,140.009,0.317
61,No More (feat. NIKI),Five Stars,Higher Brothers,"['Higher Brothers', 'NIKI']",2019-02-22,229859,38,0.436,0.75,0.651,0.0776,142.118,0.61
62,Prince Charming,Prince Charming,Masiwei,"['Masiwei', 'Higher Brothers']",2020-02-28,208235,38,0.137,0.889,0.84,0.128,144.533,0.922
63,I Love You 3000 III,Mr. Enjoy Da Money,KnowKnow,"['KnowKnow', 'Higher Brothers']",2019-12-12,210666,36,0.859,0.467,0.482,0.333,180.205,0.351
64,Made In China,Made In China,Higher Brothers,"['Higher Brothers', 'DJ Snake']",2018-04-13,171733,43,0.00397,0.79,0.779,0.159,150.115,0.228
65,Flexing So Hard,Five Stars,Higher Brothers,['Higher Brothers'],2019-02-22,175384,37,0.00256,0.698,0.741,0.326,156.096,0.426
66,Empire,Empire,Higher Brothers,['Higher Brothers'],2020-11-09,207761,36,0.214,0.797,0.767,0.0713,133.864,0.537
67,Love Song 4 Me,Mr. Enjoy Da Money,KnowKnow,"['KnowKnow', 'Higher Brothers']",2019-12-12,168000,32,0.0879,0.808,0.645,0.103,160.093,0.644
68,暴风雨,Type-3,Higher Brothers,"['Higher Brothers', 'Harikiri']",2018-02-27,158785,28,0.122,0.759,0.627,0.406,140.009,0.317
69,One Punch Man (feat. Ski Mask The Slump God & Denzel Curry),Five Stars,Higher Brothers,"['Higher Brothers', 'Denzel Curry', 'Ski Mask The Slump God']",2019-02-22,200651,40,0.0855,0.906,0.726,0.127,132.004,0.354
70,Flo Rida,Flo Rida,Higher Brothers,"['Higher Brothers', 'Ski Mask The Slump God']",2017-11-16,208048,39,0.109,0.9,0.649,0.0825,129.985,0.442
71,Nomadic (feat. Joji),Nomadic (feat. Joji),Higher Brothers,"['Higher Brothers', 'Joji']",2017-07-13,244800,38,0.0501,0.84,0.536,0.73,75.013,0.56
72,"Midsummer Madness (feat. Joji, Rich Brian, Higher Brothers & AUGUST 08) - KRANE Remix","Midsummer Madness (feat. Joji, Rich Brian, Higher Brothers & AUGUST 08) [KRANE Remix]",88rising,"['88rising', 'AUGUST 08', 'Higher Brothers']",2018-09-25,238888,33,0.499,0.637,0.644,0.0772,107.865,0.207
73,Red Rubies,Head In The Clouds,88rising,"['88rising', 'Rich Brian', 'Yung Bans']",2018-07-20,243656,37,0.512,0.856,0.382,0.106,135.07,0.288
74,WeChat,Black Cab,Higher Brothers,"['Higher Brothers', 'Keith Ape']",2017-05-31,256803,37,0.148,0.754,0.675,0.0346,145.815,0.526
75,Gong Xi Fa Cai,Five Stars,Higher Brothers,['Higher Brothers'],2019-02-22,173684,35,0.0121,0.862,0.618,0.108,160.001,0.234
76,Private Party (feat. KnowKnow),Prince Charming,Masiwei,"['Masiwei', 'Higher Brothers', 'KnowKnow']",2020-02-28,182025,28,0.617,0.823,0.889,0.0886,117.073,0.35
77,Let It Go,Head In The Clouds,88rising,"['88rising', 'Higher Brothers', 'BlocBoy JB']",2018-07-20,169637,37,0.0267,0.862,0.814,0.163,110.035,0.814
78,Role Playing Game,Mr. Enjoy Da Money,KnowKnow,"['KnowKnow', 'Higher Brothers']",2019-12-12,196441,29,0.149,0.779,0.803,0.0994,168.616,0.454
79,Friends & Foes (feat. Snoop Dogg),Friends & Foes (feat. Snoop Dogg),Higher Brothers,"['Higher Brothers', 'Snoop Dogg']",2019-08-05,186947,32,0.238,0.925,0.619,0.104,95.001,0.0854
80,Isabellae,Black Cab,Higher Brothers,['Higher Brothers'],2017-05-31,156932,32,0.0761,0.709,0.799,0.119,178.007,0.567
81,16 Hours,Five Stars,Higher Brothers,['Higher Brothers'],2019-02-22,172355,35,0.118,0.602,0.901,0.296,148.073,0.756
82,Disrespectin,Head In The Clouds,88rising,"['88rising', 'Rich Brian', 'Higher Brothers']",2018-07-20,230173,34,0.161,0.656,0.632,0.0866,133.819,0.114
83,Go,Prince Charming,Masiwei,"['Masiwei', 'Higher Brothers']",2020-02-28,180000,24,0.545,0.747,0.776,0.117,172.027,0.666
84,Hold Me Down,Head In The Clouds II,88rising,"['88rising', 'Higher Brothers']",2019-10-11,223366,29,0.0239,0.85,0.741,0.245,100.975,0.809
85,Diamond,Five Stars,Higher Brothers,['Higher Brothers'],2019-02-22,192001,29,0.0557,0.836,0.66,0.0975,95.041,0.752
86,Swimming Pool,Head In The Clouds,88rising,"['88rising', 'Higher Brothers', '03 Greedo']",2018-07-20,272448,34,0.349,0.774,0.63,0.311,140.033,0.77
87,711,Black Cab,Higher Brothers,['Higher Brothers'],2017-05-31,247273,29,0.386,0.683,0.763,0.152,136.968,0.663
88,Nothing Wrong,Type-3 - EP,Higher Brothers,"['Higher Brothers', 'Harikiri']",2018-02-27,160645,28,0.0599,0.825,0.67,0.139,124.025,0.646
89,Chengdu,Prince Charming,Masiwei,"['Masiwei', 'Higher Brothers']",2020-02-28,205754,25,0.125,0.847,0.64,0.109,140.078,0.66
90,Nothing Wrong (feat. Goldlink),Head In The Clouds,88rising,"['88rising', 'Higher Brothers', 'Harikiri']",2018-07-20,192401,32,0.258,0.806,0.905,0.324,124.001,0.524
91,Young Master,Black Cab,Higher Brothers,['Higher Brothers'],2017-05-31,218069,30,0.084,0.841,0.755,0.0741,127.024,0.644
92,"Talk Less and Feel More (feat. AUGUST 08, Barney Bones & Psy.P)",Old Master,Melo,"['Melo', 'Higher Brothers', 'AUGUST 08']",2020-04-20,224000,25,0.00547,0.807,0.733,0.144,110.13,0.36
93,NO HOOK,JALA (@1580518553),Bohan Phoenix,"['Bohan Phoenix', 'Higher Brothers']",2017-01-27,214000,25,0.161,0.479,0.74,0.213,177.023,0.459
94,Lose Control (feat. KnowKnow),PSYLIFE.25,Psy.P,"['Psy.P', 'Higher Brothers', 'KnowKnow']",2020-05-26,183272,18,0.0107,0.811,0.746,0.122,110.011,0.222
95,Wudidong,Black Cab,Higher Brothers,['Higher Brothers'],2017-05-31,244773,26,0.099,0.812,0.795,0.328,119.944,0.616
96,5:30 A.M.,Type-3 - EP,Higher Brothers,"['Higher Brothers', 'Harikiri']",2018-02-27,157674,22,0.607,0.824,0.581,0.0804,171.926,0.463
97,Room Service,Journey to the West - EP,Higher Brothers,['Higher Brothers'],2018-01-17,175099,24,0.213,0.797,0.785,0.257,135.064,0.736
98,King of the Jungle (feat. Melo),PSYLIFE.25,Psy.P,"['Psy.P', 'Higher Brothers', 'Melo']",2020-05-26,207170,17,0.0888,0.877,0.843,0.126,94.001,0.551
99,Yahh,Black Cab,Higher Brothers,"['Higher Brothers', 'J.Mag']",2017-05-31,280513,27,0.0212,0.823,0.752,0.119,130.036,0.384
100,Drive You Home,Drive You Home,Jackson Wang,"['Jackson Wang', 'Internet Money']",2021-07-29,216163,58,0.0911,0.653,0.694,0.111,96.024,0.226
101,LMLY,LMLY,Jackson Wang,['Jackson Wang'],2021-03-26,209998,65,0.0523,0.727,0.736,0.119,139.929,0.717
102,Dopamine,MAGIC MAN,Jackson Wang,['Jackson Wang'],2022-09-09,191826,58,0.124,0.546,0.588,0.266,114.998,0.214
103,I Love You 3000 II,Head In The Clouds II,88rising,"['88rising', 'Stephanie Poetri', 'Jackson Wang']",2019-10-11,209642,63,0.853,0.435,0.338,0.412,179.727,0.354
104,Blow,Blow,Jackson Wang,['Jackson Wang'],2022-03-31,163933,62,0.00437,0.535,0.586,0.0745,124.853,0.823
105,Cruel,Cruel,Jackson Wang,['Jackson Wang'],2022-07-29,195020,62,0.00137,0.588,0.494,0.156,78.99,0.539
106,Blue,MAGIC MAN,Jackson Wang,['Jackson Wang'],2022-09-09,159927,58,0.422,0.581,0.495,0.126,140.175,0.391
107,100 Ways,100 Ways,Jackson Wang,['Jackson Wang'],2020-03-20,168626,62,0.325,0.801,0.783,0.285,109.955,0.613
108,Walking (feat. Swae Lee & Major Lazer),Head In The Clouds II,88rising,"['88rising', 'Joji', 'Jackson Wang']",2019-10-11,167080,61,0.0123,0.701,0.663,0.131,100.001,0.334
109,Pretty Please,Pretty Please,Jackson Wang,"['Jackson Wang', 'Galantis']",2020-09-04,145792,57,0.0397,0.686,0.867,0.396,126.068,0.691
110,Go Ghost,MAGIC MAN,Jackson Wang,['Jackson Wang'],2022-09-09,140833,56,0.0368,0.733,0.671,0.0848,95.007,0.439
111,Mind Games (feat. Jackson Wang),Mind Games (feat. Jackson Wang),88rising,"['88rising', 'MILLI', 'Jackson Wang']",2022-08-19,193251,54,0.0465,0.652,0.47,0.229,100.052,0.32
112,過 (Should've Let Go),過 (Should've Let Go),Jackson Wang,"['Jackson Wang', 'JJ Lin']",2020-12-17,203786,52,0.581,0.691,0.481,0.0898,127.936,0.149
113,California (feat. Jackson Wang & Warren Hue) - [Remix],California (feat. Jackson Wang & Warren Hue) [Remix],88rising,"['88rising', 'Rich Brian', 'NIKI']",2021-07-15,273927,52,0.606,0.773,0.629,0.189,141.958,0.589
114,Drive It Like You Stole It,MAGIC MAN,Jackson Wang,['Jackson Wang'],2022-09-09,180148,55,0.0354,0.827,0.696,0.093,110.93,0.526
115,Tequila Sunrise (feat. AUGUST 08 & GoldLink),Head In The Clouds II,88rising,"['88rising', 'Jackson Wang', 'Higher Brothers']",2019-10-11,243332,52,0.0313,0.8,0.545,0.0929,99.981,0.458
116,TITANIC (feat. Rich Brian),MIRRORS,Jackson Wang,"['Jackson Wang', 'Rich Brian']",2019-10-25,141146,54,0.0463,0.894,0.748,0.057,99.983,0.697
117,MAGNETIC (Feat. Jackson Wang),PIECES by RAIN,Rain,"['Rain', 'Jackson Wang']",2021-03-03,158840,48,0.132,0.826,0.657,0.277,159.986,0.898
118,Champagne Cool,MAGIC MAN,Jackson Wang,['Jackson Wang'],2022-09-09,162341,56,0.0423,0.506,0.84,0.218,179.774,0.584
119,Vibes,LOST & FOUND,Jackson Wang,['Jackson Wang'],2022-03-07,159080,44,0.55,0.653,0.563,0.119,162.015,0.452
120,BULLET TO THE HEART,MIRRORS,Jackson Wang,['Jackson Wang'],2019-10-25,145720,51,0.0728,0.789,0.452,0.0868,159.835,0.675
121,Papillon,Papillon,Jackson Wang,['Jackson Wang'],2017-08-26,195036,51,0.0102,0.822,0.684,0.0986,170.157,0.502
122,Come Alive,MAGIC MAN,Jackson Wang,['Jackson Wang'],2022-09-09,172428,54,0.00288,0.59,0.689,0.0627,93.004,0.667
123,M.I.A (feat. Jackson Wang),Wallflower,Afgan,"['Afgan', 'Jackson Wang']",2021-04-09,178798,46,0.256,0.723,0.458,0.0879,113.954,0.357
124,Dawn of us,Dawn of us,Jackson Wang,['Jackson Wang'],2018-04-20,179833,47,0.387,0.834,0.588,0.112,141.944,0.489
125,U & I,"The Package (Original Television Soundtrack), Pt. 4",JAY B,"['JAY B', 'Jackson Wang']",2017-10-27,213897,44,0.371,0.797,0.471,0.109,99.949,0.574
126,爱 - I Love You 3000 Chinese Version,MIRRORS,Jackson Wang,['Jackson Wang'],2019-10-25,210160,46,0.908,0.494,0.374,0.409,180.04,0.221
127,Oxygen,Oxygen,Jackson Wang,['Jackson Wang'],2019-04-12,158709,49,0.1,0.729,0.718,0.24,123.892,0.412
128,Dead,LOST & FOUND,Jackson Wang,['Jackson Wang'],2022-03-07,139853,42,0.373,0.72,0.552,0.111,90.045,0.622
129,王嘉爾,王嘉爾,Jackson Wang,['Jackson Wang'],2022-01-11,273133,46,0.209,0.763,0.648,0.167,100.057,0.476
130,ON THE ROCKS,MIRRORS,Jackson Wang,['Jackson Wang'],2019-10-25,188760,45,0.00656,0.676,0.693,0.127,148.022,0.397
131,OKAY,OKAY,Jackson Wang,['Jackson Wang'],2017-11-30,192729,47,0.33,0.905,0.684,0.0554,120.025,0.542
132,In My Bed,LOST & FOUND,Jackson Wang,['Jackson Wang'],2022-03-07,138626,42,0.157,0.792,0.559,0.188,84.016,0.434
133,一個人 (Alone),一個人 (Alone),Jackson Wang,['Jackson Wang'],2021-01-30,185546,44,0.187,0.654,0.395,0.124,75.007,0.114
134,UNLESS I'M WITH YOU,MIRRORS,Jackson Wang,['Jackson Wang'],2019-10-25,147026,43,0.623,0.714,0.501,0.11,159.899,0.422
135,Red,Red,Jackson Wang,"['Jackson Wang', 'ICE']",2019-01-14,168463,42,0.156,0.735,0.846,0.0794,174.134,0.521
136,Poison,LOST & FOUND,Jackson Wang,['Jackson Wang'],2022-03-07,192280,42,0.0428,0.614,0.843,0.207,159.999,0.767
137,X,X,Jackson Wang,['Jackson Wang'],2018-05-25,132781,41,0.00467,0.81,0.817,0.297,110.024,0.698
138,DWAY!,MIRRORS,Jackson Wang,['Jackson Wang'],2019-10-25,145240,43,0.00971,0.845,0.498,0.0918,98.973,0.486
139,Damn Girl - feat. Jackson Wang,HIP LIFE:POP LIFE,CrazyBoy,"['CrazyBoy', 'Jackson Wang']",2022-01-21,182572,36,0.043,0.593,0.716,0.0629,193.819,0.488
140,Blackout,LOST & FOUND,Jackson Wang,['Jackson Wang'],2022-03-07,156640,42,0.218,0.655,0.627,0.153,167.94,0.782
141,Creo en Mi (feat. Jackson Wang),Believe In Mi,Sammi Cheng,"['Sammi Cheng', 'Jackson Wang']",2018-08-17,243000,38,0.551,0.443,0.577,0.151,159.775,0.2
142,Face Power (feat. Jackson Wang),Mr. Enjoy Da Money,KnowKnow,"['KnowKnow', 'Higher Brothers', 'Jackson Wang']",2019-12-12,178983,38,0.305,0.793,0.737,0.0945,88.493,0.172
143,So Bad (feat. 王嘉爾),So Bad (feat. 王嘉爾),VaVa,"['VaVa', 'Jackson Wang']",2021-03-13,194098,36,0.211,0.693,0.564,0.147,96.9,0.54
144,Power,LOST & FOUND,Jackson Wang,['Jackson Wang'],2022-03-07,190080,40,0.0139,0.649,0.749,0.251,158.03,0.933
145,Born To Be Alive - From 'Minions: The Rise of Gru' Soundtrack,Born To Be Alive (From 'Minions: The Rise of Gru' Soundtrack),Jackson Wang,['Jackson Wang'],2022-07-01,192425,44,0.0646,0.673,0.734,0.14,131.553,0.597
146,Papillon-Postlude of The Rookies - BOYTOY remix,Papillon-Postlude of The Rookies (BOYTOY remix),Jackson Wang,['Jackson Wang'],2019-07-05,219176,35,0.0879,0.571,0.943,0.2,170.109,0.807
147,Bruce Lee,Bruce Lee,Al Rocco,"['Al Rocco', 'Jackson Wang', 'Fader One']",2018-07-15,179885,37,0.494,0.882,0.613,0.294,134.013,0.72
148,New Tooth,New Tooth,Rich Brian,['Rich Brian'],2021-11-04,220000,50,0.631,0.788,0.678,0.141,120.019,0.39
149,Run It (feat. Rick Ross & Rich Brian),Shang-Chi and The Legend of The Ten Rings: The Album,88rising,"['DJ Snake', 'Rick Ross', 'Rich Brian']",2021-09-03,163373,68,0.0195,0.688,0.725,0.0726,104.006,0.225
150,Lazy Susan (with Rich Brian feat. Warren Hue & Masiwei),Shang-Chi and The Legend of The Ten Rings: The Album,88rising,"['21 Savage', 'Rich Brian', 'Warren Hue']",2021-09-03,279960,51,0.0428,0.766,0.825,0.102,155.967,0.646
151,edamame (feat. Rich Brian),edamame (feat. Rich Brian),bbno$,"['bbno$', 'Rich Brian']",2021-07-24,133706,75,0.023,0.815,0.848,0.0265,106.032,0.684
152,Sydney,Sydney,Rich Brian,['Rich Brian'],2021-03-16,194240,46,0.475,0.62,0.476,0.135,161.168,0.602
153,DOA,1999,Rich Brian,['Rich Brian'],2020-08-24,161162,45,0.227,0.603,0.611,0.109,86.001,0.317
154,Don't Care,Don't Care,Rich Brian,['Rich Brian'],2020-08-18,164571,43,0.18,0.642,0.569,0.105,140.095,0.194
155,Love In My Pocket,Love In My Pocket,Rich Brian,['Rich Brian'],2020-07-09,223093,41,0.0206,0.829,0.597,0.11,113.011,0.782
156,BALI,BALI,Rich Brian,"['Rich Brian', 'Guapdad 4000']",2020-04-09,199384,39,0.00983,0.864,0.642,0.22,129.995,0.622
157,TITANIC (feat. Rich Brian),MIRRORS,Jackson Wang,"['Jackson Wang', 'Rich Brian']",2019-10-25,141146,54,0.0463,0.894,0.748,0.057,99.983,0.697
158,2 The Face,Head In The Clouds II,88rising,"['88rising', 'Rich Brian', 'Higher Brothers']",2019-10-11,151531,42,0.168,0.649,0.684,0.141,171.994,0.342
159,Dat $tick,Dat $tick,Rich Brian,['Rich Brian'],2016-03-11,126666,62,0.104,0.923,0.508,0.126,108.039,0.168
160,Hopscotch (feat. Barney Bones & Rich Brian),Head In The Clouds II,88rising,"['88rising', 'AUGUST 08', 'Joji']",2019-10-11,205786,43,0.0695,0.905,0.609,0.153,85.04,0.447
161,These Nights,Head In The Clouds II,88rising,"['88rising', 'Rich Brian', 'CHUNG HA']",2019-10-11,223006,48,0.000317,0.656,0.673,0.28,83.018,0.494
162,Glow Like Dat,Glow Like Dat,Rich Brian,['Rich Brian'],2017-08-15,210861,50,0.411,0.787,0.586,0.118,140.036,0.581
163,Rapapapa (feat. RZA),The Sailor,Rich Brian,"['Rich Brian', 'RZA']",2019-07-26,247165,50,0.501,0.782,0.752,0.114,126.936,0.504
164,Gold Coast,Head In The Clouds II,88rising,"['88rising', 'Rich Brian']",2019-10-11,241846,44,0.132,0.577,0.649,0.339,129.97,0.266
165,Drive Safe,The Sailor,Rich Brian,['Rich Brian'],2019-07-26,240118,61,0.635,0.635,0.312,0.138,98.017,0.414
166,The Sailor,The Sailor,Rich Brian,['Rich Brian'],2019-07-26,220833,46,0.11,0.455,0.566,0.696,119.935,0.393
167,Yellow (feat. Bekon),The Sailor,Rich Brian,"['Rich Brian', 'Bekon']",2019-07-26,291869,48,0.217,0.447,0.53,0.351,75.917,0.0621
168,100 Degrees,The Sailor,Rich Brian,['Rich Brian'],2019-07-26,166145,59,0.118,0.756,0.648,0.515,80.979,0.657
169,Who That Be,Who That Be,Rich Brian,['Rich Brian'],2016-08-09,134879,47,0.358,0.959,0.47,0.0806,129.995,0.964
170,Kids,The Sailor,Rich Brian,['Rich Brian'],2019-07-26,270130,46,0.0596,0.635,0.694,0.141,85.809,0.398
171,Attention (feat. Offset),Amen,Rich Brian,"['Rich Brian', 'Offset']",2018-02-02,170200,50,0.0438,0.884,0.547,0.124,158.019,0.425
172,Slow Down Turbo,The Sailor,Rich Brian,['Rich Brian'],2019-07-26,239714,46,0.215,0.389,0.518,0.182,78.114,0.0392
173,Confetti,The Sailor,Rich Brian,['Rich Brian'],2019-07-26,172023,42,0.127,0.77,0.762,0.0809,141.052,0.326
174,Curious,The Sailor,Rich Brian,['Rich Brian'],2019-07-26,225498,49,0.904,0.817,0.433,0.106,111.059,0.9
175,Vacant,The Sailor,Rich Brian,['Rich Brian'],2019-07-26,152520,42,0.74,0.573,0.483,0.266,192.101,0.301
176,No Worries,The Sailor,Rich Brian,['Rich Brian'],2019-07-26,163353,42,0.715,0.563,0.58,0.134,79.194,0.14
177,Introvert (feat. Joji),Amen,Rich Brian,"['Rich Brian', 'Joji']",2018-02-02,222258,60,0.14,0.836,0.686,0.0681,110.029,0.632
178,Cold,Amen,Rich Brian,['Rich Brian'],2018-02-02,228432,52,0.368,0.648,0.734,0.0938,167.044,0.196
179,Gospel,Gospel,Rich Brian,"['Rich Brian', 'Keith Ape', 'XXXTENTACION']",2017-05-12,173294,64,0.000856,0.681,0.659,0.11,156.004,0.225
180,Where Does The Time Go (feat. Joji),The Sailor,Rich Brian,"['Rich Brian', 'Joji']",2019-07-26,251288,54,0.184,0.642,0.553,0.112,139.925,0.129
181,Seventeen,Seventeen,Rich Brian,['Rich Brian'],2016-12-21,163931,40,0.417,0.8,0.392,0.448,144.999,0.285
182,watch out!,watch out!,Rich Brian,['Rich Brian'],2018-04-04,156000,40,0.0166,0.865,0.686,0.327,160.019,0.385
183,Crisis (feat. 21 Savage),Crisis (feat. 21 Savage),Rich Brian,"['Rich Brian', '21 Savage']",2017-11-10,216189,45,0.0725,0.898,0.671,0.119,144.989,0.668
184,Chaos,Chaos,Rich Brian,['Rich Brian'],2017-10-05,132038,42,0.0115,0.809,0.581,0.345,149.949,0.369
185,Trespass,Amen,Rich Brian,['Rich Brian'],2018-02-02,179181,42,0.0431,0.823,0.798,0.404,140.062,0.384
186,Little Prince (feat. NIKI),Amen,Rich Brian,"['Rich Brian', 'NIKI']",2018-02-02,172444,49,0.166,0.909,0.414,0.109,139.963,0.761
187,See Me,Amen,Rich Brian,['Rich Brian'],2018-02-02,212472,46,0.669,0.854,0.578,0.0844,137.025,0.306
188,Amen,Amen,Rich Brian,['Rich Brian'],2018-02-02,116709,44,0.35,0.918,0.684,0.0907,140.077,0.774
189,18,18,Various Artists,"['Kris Wu', 'Rich Brian', 'Trippie Redd']",2018-01-16,254507,46,0.183,0.632,0.629,0.344,179.882,0.207
190,Flight,Amen,Rich Brian,['Rich Brian'],2018-02-02,177463,43,0.111,0.77,0.564,0.103,97.35,0.348
191,Occupied,Amen,Rich Brian,['Rich Brian'],2018-02-02,161804,41,0.441,0.819,0.823,0.0676,82.5,0.805
192,Arizona (feat. AUGUST 08),Amen,Rich Brian,"['Rich Brian', 'AUGUST 08']",2018-02-02,292381,43,0.695,0.651,0.526,0.386,95.049,0.509
193,"Costa Rica (with Bas & JID feat. Guapdad 4000, Reese LAFLARE, Jace, Mez, Smokepurpp, Buddy & Ski Mask The Slump God)",Revenge Of The Dreamers III,Dreamville,"['Dreamville', 'Bas', 'JID']",2019-07-05,217866,67,0.517,0.642,0.647,0.0649,120.749,0.664
194,Dragonball Durag - Remix,Dragonball Durag (Remix),Thundercat,"['Thundercat', 'Smino', 'Guapdad 4000']",2020-08-25,221098,54,0.614,0.626,0.597,0.122,80.985,0.578
195,Fearless,Fearless,Guapdad 4000,"['Guapdad 4000', 'Valentino Khan']",2022-01-26,140000,52,0.000446,0.696,0.978,0.105,107.971,0.762
196,BALI,BALI,Rich Brian,"['Rich Brian', 'Guapdad 4000']",2020-04-10,199384,51,0.0107,0.855,0.645,0.226,129.999,0.654
197,Wells Fargo (with JID & EARTHGANG feat. Buddy & Guapdad 4000) - Interlude,Revenge Of The Dreamers III,Dreamville,"['Dreamville', 'JID', 'EARTHGANG']",2019-07-05,123413,56,0.0706,0.8,0.826,0.181,148.021,0.241
198,Poppin Pills - Remix,Poppin Pills (Remix),Jace,"['Jace', 'Guapdad 4000', 'Harlem Richard$']",2022-05-20,112300,34,0.303,0.64,0.704,0.217,160.048,0.563
199,Pose (feat. Wiz Khalifa & Curren$y),Pose (feat. Wiz Khalifa & Curren$y),Guapdad 4000,"['Guapdad 4000', 'Wiz Khalifa', 'Curren$y']",2022-06-10,204528,46,0.055,0.76,0.612,0.0375,187.934,0.662
200,TOO BAD,TOO BAD,Kembe X,"['Kembe X', 'Guapdad 4000']",2020-12-11,189380,44,0.118,0.814,0.599,0.126,77.54,0.686
201,"Don't Hit Me Right Now (with Bas & Cozz feat. Yung Baby Tate, Guapdad 4000 & Buddy)",Revenge Of The Dreamers III,Dreamville,"['Dreamville', 'Bas', 'Cozz']",2019-07-05,174360,48,0.561,0.779,0.597,0.131,124.056,0.432
202,Black Iverson,Black Iverson,Guapdad 4000,['Guapdad 4000'],2022-04-29,185924,45,0.0248,0.742,0.523,0.0905,155.547,0.283
203,Foolish,Shang-Chi and The Legend of The Ten Rings: The Album,88rising,"['Rich Brian', 'Warren Hue', 'Guapdad 4000']",2021-09-03,177626,45,0.031,0.869,0.794,0.0769,112.017,0.339
204,Cheap,Cheap,Guapdad 4000,['Guapdad 4000'],2022-03-17,106026,43,0.083,0.937,0.416,0.0437,100.039,0.786
205,Uncle Ricky,1176,Guapdad 4000,"['Guapdad 4000', '!llmind']",2021-03-19,142254,42,0.324,0.571,0.733,0.34,82.779,0.589
206,Red Flags,Red Flags,Guapdad 4000,['Guapdad 4000'],2018-12-04,156887,43,0.0936,0.868,0.468,0.11,98.025,0.211
207,Iced Out Gold Chain,Dior Deposits (Deluxe),Guapdad 4000,['Guapdad 4000'],2019-12-20,211754,42,0.336,0.814,0.531,0.0784,98.037,0.576
208,Alpha,Alpha,Guapdad 4000,['Guapdad 4000'],2020-10-30,172800,42,0.15,0.916,0.572,0.104,99.998,0.589
209,Careless,Careless,Travis Thompson,"['Travis Thompson', 'Guapdad 4000']",2022-08-23,153880,37,0.0461,0.883,0.488,0.108,101.087,0.612
210,People Pleaser,From Me To You,Quadeca,"['Quadeca', 'Guapdad 4000']",2021-03-30,202200,37,0.448,0.667,0.654,0.106,125.174,0.502
211,Windows Down,Windows Down,Moslikely,"['Moslikely', 'Guapdad 4000']",2022-08-16,164101,36,0.494,0.663,0.487,0.124,158.032,0.417
212,Lil Scammer That Could (feat. Denzel Curry),Lil Scammer That Could (feat. Denzel Curry),Guapdad 4000,"['Guapdad 4000', 'Denzel Curry']",2020-06-26,186000,42,0.172,0.835,0.645,0.0818,79.992,0.524
213,Champagne,Saved by the Bellinger,Eric Bellinger,"['Eric Bellinger', 'Wale', 'Guapdad 4000']",2019-09-27,182191,27,0.218,0.853,0.668,0.107,137.052,0.624
214,Oh Really? (feat. Kiefer),Oh Really? (feat. Kiefer),Lou Phelps,"['Lou Phelps', 'Guapdad 4000', 'Joyce Wrice']",2022-04-18,234857,36,0.317,0.68,0.714,0.173,140.087,0.61
215,"Izayah (feat. Key!, Maxo Kream, Denzel Curry & Kenny Beats)",Dior Deposits (Deluxe),Guapdad 4000,"['Guapdad 4000', 'KEY!', 'Maxo Kream']",2019-12-20,213558,40,0.151,0.912,0.696,0.138,142.028,0.586
216,Chicken Adobo,1176,Guapdad 4000,"['Guapdad 4000', '!llmind']",2021-03-19,182832,37,0.164,0.887,0.401,0.0728,128.047,0.601
217,"No Chorus (with Bas feat. Buddy, Guapdad 4000 & Dreezy)",Revenge Of The Dreamers III: Director's Cut,Dreamville,"['Dreamville', 'Bas', 'Dreezy']",2020-01-16,202213,40,0.238,0.691,0.392,0.149,148.297,0.0891
218,Simma (feat. Guapdad 4000),Postmodern Depression,Marc E. Bassy,"['Marc E. Bassy', 'Guapdad 4000']",2018-10-05,155626,35,0.0401,0.851,0.632,0.0672,90.985,0.5
219,Thank the Gang,Sugar Hill Express,Twelve'len,"['""Twelvelen""', 'Guapdad 4000']",2021-07-09,181111,36,0.0584,0.735,0.55,0.465,108.017,0.57
220,Platinum Falcon,"Platinum Falcon Tape, Vol. 1",Guapdad 4000,['Guapdad 4000'],2020-04-24,150286,37,0.104,0.957,0.825,0.102,132.067,0.931
221,Women Who Look Like You (feat. Guapdad 4000),Women Who Look Like You (feat. Guapdad 4000),JP Saxe,"['JP Saxe', 'Guapdad 4000']",2019-08-28,186380,32,0.588,0.655,0.497,0.332,87.17,0.81
222,Stuck With It (feat. Tory Lanez),Dior Deposits (Deluxe),Guapdad 4000,"['Guapdad 4000', 'Tory Lanez']",2019-12-20,181454,39,0.421,0.711,0.584,0.178,97.972,0.722
223,Hoe,GUAP,Guapdad 4000,['Guapdad 4000'],2022-07-14,157847,34,0.0426,0.704,0.696,0.257,194.099,0.573
224,Oaklandish,Ain't Gone Do It / Terms and Conditions,Too $hort,"['Too $hort', 'Guapdad 4000', 'Rayven Justice']",2020-12-18,166019,36,0.0151,0.858,0.462,0.195,100.971,0.489
225,Déjà Vu (feat. Guapdad 4000),BETTER (Deluxe),Deante' Hitchcock,"['""Deante Hitchcock""', 'Guapdad 4000']",2020-10-28,228111,33,0.174,0.763,0.605,0.169,139.023,0.404
226,Prada Process (feat. 6lack),Dior Deposits (Deluxe),Guapdad 4000,"['Guapdad 4000', '6LACK']",2019-12-20,198717,37,0.463,0.57,0.63,0.111,84.537,0.501
227,How Many,How Many,Guapdad 4000,"['Guapdad 4000', '!llmind']",2021-02-12,205124,34,0.197,0.83,0.492,0.257,102.994,0.619
228,Shameless (feat. Guapdad 4000),Harlan & Alondra,Buddy,"['Buddy', 'Guapdad 4000']",2018-07-20,242160,35,0.287,0.713,0.677,0.304,143.882,0.539
229,Grammys,Grammys,Lou From Paradise,"['Lou From Paradise', 'Guapdad 4000']",2022-06-01,153782,25,0.138,0.872,0.816,0.105,140.008,0.861
230,"Passcode (with Ari Lennox feat. Buddy, Smino, Mez & Guapdad 4000)",Revenge Of The Dreamers III: Director's Cut,Dreamville,"['Dreamville', 'Ari Lennox', 'Buddy']",2020-01-16,206000,36,0.555,0.626,0.42,0.117,140.929,0.604
231,Ice Cold,Eat When You're Hungry Sleep When You're Tired,Jay Worthy,"['Jay Worthy', 'Harry Fraud', 'Guapdad 4000']",2020-05-01,196243,33,0.161,0.627,0.847,0.304,181.05,0.867
232,HALO HALO - REMIX (feat. Guapdad 4000 and Chevy),HALO HALO [REMIX (feat. Guapdad 4000 and Chevy)],Shawn Wasabi,"['Shawn Wasabi', 'Guapdad 4000', 'Chevy']",2020-10-09,170869,29,0.0249,0.749,0.883,0.308,92.02,0.647
233,Trade Places With Them Jeans,"Platinum Falcon Tape, Vol. 1",Guapdad 4000,['Guapdad 4000'],2020-04-24,139813,30,0.627,0.539,0.548,0.0798,172.012,0.385
234,"Anime Shawty, Vol. 2","Anime Shawty, Vol. 2",lil ricefield,"['lil ricefield', 'seiji oda', 'Guapdad 4000']",2021-01-29,185686,31,0.496,0.822,0.634,0.141,95.155,0.49
235,Gucci Pajamas (feat. Chance the Rapper and Charlie Wilson),Dior Deposits (Deluxe),Guapdad 4000,"['Guapdad 4000', 'Chance the Rapper', 'Charlie Wilson']",2019-12-20,203669,33,0.383,0.583,0.665,0.145,112.842,0.927
236,IM COMING OVER THERE (feat. Guapdad 4000),BEFORE SHIT GOT WEIRD,The Cool Kids,"['The Cool Kids', 'Guapdad 4000']",2022-03-03,243500,27,0.0258,0.879,0.811,0.084,143.985,0.655
237,Greedy,"Platinum Falcon Tape, Vol. 1",Guapdad 4000,['Guapdad 4000'],2020-04-24,157563,31,0.0449,0.864,0.535,0.0527,128.02,0.825
238,"Link Up (feat. Kent Jamz, Bas, Guapdad 4000, J.I.D, Ari Lennox & BJ The Chicago Kid)",Harlan & Alondra (Deluxe),Buddy,"['Buddy', 'Kent Jamz', 'Bas']",2019-02-08,190466,30,0.143,0.766,0.855,0.108,112.003,0.227
239,Money,Money,Guapdad 4000,"['Guapdad 4000', 'Drew Banga']",2021-12-02,160399,27,0.0368,0.857,0.857,0.314,97.231,0.861
240,I Need Bands,I Need Bands,Guapdad 4000,['Guapdad 4000'],2022-01-21,169045,27,0.00829,0.851,0.637,0.0902,92.522,0.386
241,Catching Bodies,1176,Guapdad 4000,"['Guapdad 4000', '!llmind']",2021-03-19,168421,24,0.00986,0.967,0.528,0.17,113.982,0.178
242,Orgasm Full Of Pain (feat. Deante Hitchcock),Orgasm Full Of Pain (feat. Deante Hitchcock),Guapdad 4000,"['Guapdad 4000', '""Deante Hitchcock""']",2020-07-24,216973,26,0.106,0.674,0.572,0.104,76.996,0.667
243,The Weekend,The Weekend,88rising,"['88rising', 'BIBI']",2021-10-14,167661,69,0.062,0.784,0.521,0.0995,101.491,0.817
244,LAW (Prod. Czaer),Street Man Fighter Original Vol.3 (Mission by Rank),Various Artists,"['Yoon Mirae', 'BIBI']",2022-09-06,189373,71,0.00857,0.756,0.9,0.237,128.054,0.55
245,Best Lover,Head In The Clouds Forever,88rising,"['88rising', 'BIBI']",2022-04-16,152910,66,0.268,0.74,0.663,0.121,82.004,0.519
246,Animal Farm,Animal Farm,BIBI,['BIBI'],2022-09-27,203945,69,0.0178,0.617,0.57,0.55,107.971,0.375
247,KAZINO,KAZINO,BIBI,['BIBI'],2020-04-29,185946,65,0.139,0.625,0.686,0.11,133.041,0.263
248,BAD SAD AND MAD,Life is a Bi…,BIBI,['BIBI'],2021-04-28,154988,64,0.545,0.746,0.558,0.0904,90.013,0.638
249,"Very, Slowly",Twenty-Five Twenty-One OST Part 3,BIBI,['BIBI'],2022-02-20,214851,60,0.678,0.528,0.423,0.167,135.917,0.249
250,MotoSpeed 24,Sweet Sorrow of Mother,BIBI,['BIBI'],2022-10-24,133904,56,0.319,0.61,0.597,0.136,95.004,0.295
251,Restless,LISTEN 035 Restless,BIBI,['BIBI'],2020-02-02,267080,60,0.382,0.575,0.607,0.115,89.985,0.298
252,Maybe if,"Our Beloved Summer (Original Television Soundtrack), Pt. 2",BIBI,['BIBI'],2021-12-13,209600,58,0.699,0.593,0.437,0.0919,121.662,0.484
253,Life is a Bi…,Life is a Bi…,BIBI,['BIBI'],2021-04-28,156741,59,0.255,0.722,0.501,0.0857,144.076,0.541
254,PADO,PADO,BIBI,['BIBI'],2021-09-10,193132,55,0.0443,0.69,0.784,0.152,120.101,0.642
255,비누,비누,BIBI,['BIBI'],2019-05-15,182200,55,0.719,0.842,0.522,0.191,119.045,0.641
256,Sweet Sorrow of Mother,Sweet Sorrow of Mother,BIBI,['BIBI'],2022-10-24,66429,52,0.901,0.736,0.148,0.13,148.101,0.863
257,Dingo X BIBI - she got it,Dingo X BIBI - she got it,BIBI,['BIBI'],2020-08-06,215736,54,0.139,0.757,0.687,0.115,99.992,0.583
258,Never Gonna Come Down,Shang-Chi and The Legend of The Ten Rings: The Album,88rising,"['Mark Tuan', 'BIBI']",2021-09-03,203800,51,0.656,0.777,0.689,0.062,150.036,0.873
259,Umm… Life,Life is a Bi…,BIBI,['BIBI'],2021-04-28,131209,50,0.681,0.809,0.427,0.0979,104.032,0.127
260,Crazy Like You (feat. BIBI),"Bare&Rare, Pt. 1",CHUNG HA,"['CHUNG HA', 'BIBI']",2022-07-11,175480,50,0.0957,0.536,0.639,0.209,170.94,0.502
261,Step?,Step?,BIBI,['BIBI'],2019-11-28,191666,50,0.55,0.644,0.517,0.0876,160.048,0.212
262,AUTOMATIC,AUTOMATIC,Various Artists,"['Chancellor', 'Babylon', 'twlv']",2020-10-14,268293,51,0.133,0.72,0.703,0.121,99.999,0.492
263,Eat My Love,Eat My Love,BIBI,['BIBI'],2021-02-01,162866,48,0.446,0.833,0.743,0.104,119.981,0.802
264,PIRI the dog,Life is a Bi…,BIBI,['BIBI'],2021-04-28,140826,47,0.276,0.872,0.466,0.126,138.039,0.348
265,나비,사랑하는 사람들을 위한 지침서,BIBI,['BIBI'],2019-06-12,193429,47,0.735,0.535,0.787,0.074,184.003,0.777
266,Eleven (feat. BIBI),Blueline,twlv,"['twlv', 'BIBI']",2019-03-15,196520,46,0.145,0.502,0.576,0.17,89.897,0.205
267,Hanryang,Hanryang,Min Kyunghoon,"['Min Kyunghoon', 'KIM HEECHUL', 'BIBI']",2020-12-19,202866,49,0.0605,0.698,0.729,0.0918,140.083,0.306
268,Birthday Cake,Life is a Bi…,BIBI,['BIBI'],2021-04-28,136841,46,0.877,0.645,0.276,0.0926,107.933,0.415
269,She Said (with BIBI),with HER,Crush,"['Crush', 'BIBI']",2020-10-20,208786,46,0.313,0.685,0.655,0.102,142.087,0.574
270,I'm good at goodbyes,I'm good at goodbyes,BIBI,['BIBI'],2020-07-10,204186,45,0.399,0.663,0.517,0.109,90.07,0.344
271,EVERYTHING,EVERYTHING,Way Ched,"['Way Ched', 'CHANGMO', 'Coogie']",2020-11-15,206393,46,0.0238,0.745,0.728,0.0995,95.021,0.717
272,Meu Tempo (Feat. BIBI & Simon Dominic) (Prod. GRAY),School Rapper4 Semi Final 1,Various Artists,"['Vapo', 'BIBI', 'Simon Dominic']",2021-04-10,197714,44,0.405,0.754,0.888,0.0793,105.035,0.621
273,Galipette - BIBI Remix,Galipette (BIBI Remix),Lolo Zouaï,"['Lolo Zouaï', 'BIBI']",2021-08-26,122638,43,0.225,0.727,0.644,0.648,144.979,0.638
274,Love & hate (Feat. BIBI),RANDOM BOX,ZICO,"['ZICO', 'BIBI']",2020-07-01,196866,43,0.216,0.807,0.647,0.085,104.968,0.535
275,froyo (feat. Warren Hue),Head In The Clouds Forever,88rising,"['88rising', 'BIBI', 'Rich Brian']",2022-04-16,309121,45,0.213,0.508,0.688,0.157,145.089,0.335
276,NAAN,"NAAN (From The Original TV Show ""Live On"")",BIBI,['BIBI'],2020-12-08,167240,42,0.399,0.585,0.603,0.12,141.962,0.325
277,WHY Y (Feat. Tiger JK),WHY Y,BIBI,"['BIBI', 'Tiger JK']",2021-07-27,186533,41,0.131,0.687,0.745,0.172,99.999,0.493
278,Fedexx Girl (Feat. 창모),사랑하는 사람들을 위한 지침서,BIBI,"['BIBI', 'CHANGMO']",2019-06-12,209000,42,0.3,0.648,0.523,0.134,90.995,0.352
279,FEVER,FEVER,J.Y. Park,"['J.Y. Park', 'SUPERBEE', 'BIBI']",2019-12-01,173925,45,0.0238,0.832,0.827,0.0949,95.963,0.809
280,AUTOMATIC REMIX,AUTOMATIC REMIX,Various Artists,"['Chancellor', 'Jay Park', 'LeeHi']",2020-11-05,938893,47,0.145,0.741,0.654,0.436,100.003,0.539
281,This is Pengsoo,Billboard Project Vol.1,Various Artists,"['Pengsoo', 'Tiger JK', 'Bizzy']",2020-04-21,171373,39,0.412,0.908,0.585,0.0898,120.052,0.644
282,Pretty Ting (Feat. 김승민),사랑하는 사람들을 위한 지침서,BIBI,"['BIBI', 'Kim Seungmin']",2019-06-12,175000,41,0.106,0.606,0.763,0.113,165.986,0.417
283,Te Quiero(feat.BIBI),K.I.S.S,twlv,"['twlv', 'BIBI']",2020-01-18,194645,37,0.00725,0.448,0.662,0.187,93.12,0.12
284,Timeless,괴물 (Original Television Soundtrack) Pt. 2,BIBI,['BIBI'],2021-03-06,201160,36,0.111,0.505,0.722,0.248,97.977,0.243
285,Fly with me,THE FAN 4ROUND Part.2,BIBI,['BIBI'],2019-01-19,202398,35,0.747,0.369,0.405,0.395,112.903,0.15
286,Give More Care Less,사랑하는 사람들을 위한 지침서,BIBI,['BIBI'],2019-06-12,186750,39,0.267,0.642,0.455,0.108,83.527,0.124
287,Hangang,THE FAN TOP2,BIBI,['BIBI'],2019-02-09,223146,33,0.8,0.452,0.294,0.121,88.35,0.404
288,Stay With Me,"Oh! Master (Original Television Soundtrack), Pt. 5",BIBI,['BIBI'],2021-05-06,235000,34,0.792,0.465,0.328,0.111,131.619,0.117
289,Long time ago,THE FAN 1ROUND Part.1,BIBI,['BIBI'],2018-11-24,203529,32,0.678,0.609,0.425,0.0654,106.258,0.293
290,Do I Lust For You,Drunken Tiger X: Rebirth of Tiger Jk,Drunken Tiger,"['Drunken Tiger', 'BIBI']",2018-11-14,163919,31,0.0292,0.736,0.606,0.069,102.105,0.576
291,cute lil thug,THE FAN TOP3,Yoon Mirae,"['Yoon Mirae', 'BIBI']",2019-02-02,201000,34,0.0123,0.748,0.758,0.157,127.992,0.132
292,show off (feat. BIBI),"u n u, Pt. 2",nafla,"['nafla', 'BIBI']",2020-03-24,231013,32,0.266,0.734,0.549,0.137,160.087,0.529
293,Glimpse of Us,Glimpse of Us,Joji,['Joji'],2022-06-10,233456,93,0.891,0.44,0.317,0.141,169.914,0.268
294,SLOW DANCING IN THE DARK,BALLADS 1,Joji,['Joji'],2018-10-26,209273,84,0.544,0.515,0.479,0.191,88.964,0.284
295,YUKON (INTERLUDE),YUKON (INTERLUDE),Joji,['Joji'],2022-08-26,141093,76,0.383,0.736,0.71,0.395,82.482,0.0728
296,worldstar money (interlude),In Tongues (Deluxe),Joji,['Joji'],2018-02-14,126312,78,0.964,0.577,0.387,0.208,146.565,0.459
297,Sanctuary,Nectar,Joji,['Joji'],2020-09-24,180018,75,0.387,0.552,0.638,0.374,167.834,0.332
298,YEAH RIGHT,BALLADS 1,Joji,['Joji'],2018-10-26,174357,79,0.619,0.672,0.588,0.0992,169.033,0.204
299,Daylight,Daylight,Joji,"['Joji', 'Diplo']",2020-08-06,163905,71,0.00488,0.528,0.749,0.0949,163.944,0.729
300,Will He,In Tongues (Deluxe),Joji,['Joji'],2018-02-14,202102,73,0.836,0.618,0.217,0.538,116.014,0.0872
301,Like You Do,Nectar,Joji,['Joji'],2020-09-25,240294,72,0.953,0.582,0.199,0.135,66.454,0.0783
302,CAN'T GET OVER YOU (feat. Clams Casino),BALLADS 1,Joji,"['Joji', 'Clams Casino']",2018-10-26,107076,70,0.684,0.9,0.316,0.0853,129.914,0.844
303,Midsummer Madness,Head In The Clouds,88rising,"['88rising', 'Joji', 'Rich Brian']",2018-07-20,280841,69,0.359,0.409,0.678,0.167,89.968,0.168
304,Demons,In Tongues (Deluxe),Joji,['Joji'],2018-02-14,176803,67,0.416,0.458,0.378,0.0966,168.232,0.037
305,Run,Nectar,Joji,['Joji'],2020-09-25,195000,69,0.0427,0.448,0.72,0.614,157.919,0.361
306,ATTENTION,BALLADS 1,Joji,['Joji'],2018-10-26,128888,68,0.895,0.787,0.312,0.115,119.899,0.425
307,Head In The Clouds,Head In The Clouds,88rising,"['88rising', 'Joji']",2018-07-20,178022,62,0.281,0.516,0.456,0.0847,145.843,0.238
308,I Don't Wanna Waste My Time,In Tongues (Deluxe),Joji,['Joji'],2018-02-14,164430,66,0.761,0.403,0.234,0.123,144.226,0.13
309,Ew,Nectar,Joji,['Joji'],2020-09-25,207710,69,0.804,0.48,0.373,0.12,114.078,0.0376
310,TEST DRIVE,BALLADS 1,Joji,['Joji'],2018-10-26,179423,69,0.71,0.646,0.648,0.108,75.004,0.466
311,Walking (feat. Swae Lee & Major Lazer),Head In The Clouds II,88rising,"['88rising', 'Joji', 'Jackson Wang']",2019-10-11,167080,61,0.0123,0.701,0.663,0.131,100.001,0.334
312,Window,In Tongues (Deluxe),Joji,['Joji'],2018-02-14,152375,63,0.425,0.643,0.329,0.0958,156.959,0.202
313,Afterthought,Nectar,Joji,"['Joji', 'BENEE']",2020-09-25,194871,68,0.398,0.668,0.547,0.0931,83.5,0.192
314,WANTED U,BALLADS 1,Joji,['Joji'],2018-10-26,251015,70,0.105,0.305,0.715,0.0906,82.977,0.29
315,Breathe,Head In The Clouds II,88rising,"['88rising', 'Joji', 'Don Krez']",2019-10-11,125468,58,0.588,0.538,0.52,0.301,113.081,0.0775
316,Pills,In Tongues (Deluxe),Joji,['Joji'],2018-02-14,187133,61,0.582,0.454,0.407,0.117,81.401,0.242
317,Gimme Love,Nectar,Joji,['Joji'],2020-09-25,214557,69,0.695,0.484,0.632,0.209,126.384,0.0736
318,Thinking Bout You,Xeno,rei brown,"['rei brown', 'Joji']",2022-07-08,190946,57,0.536,0.67,0.711,0.242,163.998,0.509
319,From You,Fragments,Bonobo,"['Bonobo', 'Joji']",2022-01-14,210280,56,0.569,0.655,0.499,0.111,140.022,0.255
320,Introvert (feat. Joji),Amen,Rich Brian,"['Rich Brian', 'Joji']",2018-02-02,222258,60,0.14,0.836,0.686,0.0681,110.029,0.632
321,La Cienega,Head In The Clouds,88rising,"['88rising', 'Joji', 'NIKI']",2018-07-20,192606,59,0.506,0.61,0.318,0.102,109.491,0.214
322,Besidju,Besidju,shamana,"['shamana', 'Joji']",2016-11-11,107441,55,0.635,0.747,0.413,0.123,105.053,0.221
323,Gates to the Sun (POLLEN Singles),Gates to the Sun (POLLEN Singles),SahBabii,"['SahBabii', 'Joji']",2020-09-16,135748,57,0.386,0.717,0.459,0.143,143.948,0.373
324,Think About U (feat. Joji),Elsewhere,Ryan Hemsworth,"['Ryan Hemsworth', 'Joji']",2018-09-21,168974,55,0.859,0.324,0.353,0.262,121.788,0.0569
325,Peach Jam,Head In The Clouds,88rising,"['88rising', 'Joji', 'BlocBoy JB']",2018-07-20,161713,56,0.0175,0.857,0.668,0.101,89.986,0.624
326,Where Does The Time Go (feat. Joji),The Sailor,Rich Brian,"['Rich Brian', 'Joji']",2019-07-26,251288,54,0.184,0.642,0.553,0.112,139.925,0.129
327,When I Get Old,When I Get Old,Christopher,"['Christopher', 'CHUNG HA']",2022-10-20,184732,63,0.257,0.723,0.641,0.203,127.418,0.658
328,Sparkling,"Bare&Rare, Pt. 1",CHUNG HA,['CHUNG HA'],2022-07-11,186906,60,0.166,0.6,0.923,0.32,160.025,0.712
329,XXXX,"Bare&Rare, Pt. 1",CHUNG HA,['CHUNG HA'],2022-07-11,168000,48,0.0923,0.741,0.662,0.306,109.953,0.713
330,Louder,"Bare&Rare, Pt. 1",CHUNG HA,['CHUNG HA'],2022-07-11,179760,40,0.113,0.843,0.75,0.0275,109.886,0.835
331,Crazy Like You (feat. BIBI),"Bare&Rare, Pt. 1",CHUNG HA,"['CHUNG HA', 'BIBI']",2022-07-11,175480,50,0.0957,0.536,0.639,0.209,170.94,0.502
332,California Dream,"Bare&Rare, Pt. 1",CHUNG HA,['CHUNG HA'],2022-07-11,179226,45,0.0747,0.769,0.803,0.0832,119.923,0.503
333,Good Night My Princess,"Bare&Rare, Pt. 1",CHUNG HA,['CHUNG HA'],2022-07-11,232080,40,0.522,0.446,0.475,0.0859,139.267,0.112
334,Love Me Out Loud,"Bare&Rare, Pt. 1",CHUNG HA,['CHUNG HA'],2022-07-11,204760,43,0.00731,0.397,0.697,0.198,120.926,0.414
335,Nuh-Uh,"Bare&Rare, Pt. 1",CHUNG HA,['CHUNG HA'],2022-07-11,200880,41,0.513,0.502,0.692,0.174,154.301,0.608
336,A Star in the dawn,"Bloody Heart, Pt. 4 (Original Television Soundtrack)",CHUNG HA,['CHUNG HA'],2022-05-23,213920,32,0.812,0.42,0.428,0.089,144.236,0.261
337,It's only mine,Seoul Check-in OST Part 4,CHUNG HA,['CHUNG HA'],2022-04-30,211082,27,0.742,0.654,0.575,0.118,89.984,0.441
338,Killing Me,Killing Me,CHUNG HA,['CHUNG HA'],2021-11-29,164053,62,0.35,0.722,0.851,0.0661,122.012,0.763
339,BAD GIRL (Prod. Czaer),Street Woman Fighter(SWF) Special,Various Artists,"['LACHICA', 'CHUNG HA']",2021-10-27,194053,42,0.0815,0.725,0.729,0.107,92.0,0.829
340,Someday,"One the Woman (Original Television Soundtrack, Pt. 3)",CHUNG HA,['CHUNG HA'],2021-10-15,202040,28,0.665,0.614,0.482,0.111,131.995,0.27
341,Bicycle,Querencia,CHUNG HA,['CHUNG HA'],2021-02-15,179156,59,0.006,0.625,0.903,0.235,145.97,0.825
342,X,Querencia,CHUNG HA,['CHUNG HA'],2021-02-15,255496,43,0.351,0.413,0.868,0.498,137.936,0.396
343,Stay Tonight,Querencia,CHUNG HA,['CHUNG HA'],2021-02-15,217238,56,0.199,0.625,0.831,0.0805,121.029,0.513
344,Masquerade,Querencia,CHUNG HA,['CHUNG HA'],2021-02-15,197011,42,0.0261,0.645,0.844,0.0767,143.957,0.731
345,Flying on Faith,Querencia,CHUNG HA,['CHUNG HA'],2021-02-15,186701,45,0.222,0.692,0.818,0.0999,150.04,0.675
346,Luce Sicut Stellae,Querencia,CHUNG HA,['CHUNG HA'],2021-02-15,191805,34,0.228,0.677,0.885,0.127,95.985,0.565
347,My Lips Like Warm Coffee,My Lips Like Warm Coffee,CHUNG HA,"['CHUNG HA', 'Colde']",2021-06-08,214120,44,0.74,0.692,0.71,0.117,88.052,0.245
348,Demente - Spanish Version,Demente (Spanish Version),CHUNG HA,"['CHUNG HA', 'Guaynaa']",2021-03-17,163799,45,0.0404,0.802,0.852,0.0539,100.029,0.685
349,PLAY (feat. Changmo),Querencia,CHUNG HA,"['CHUNG HA', 'CHANGMO']",2021-02-15,199524,56,0.171,0.636,0.941,0.152,103.926,0.888
350,Bother Me,Querencia,CHUNG HA,['CHUNG HA'],2021-02-15,202731,46,0.0242,0.658,0.863,0.303,114.934,0.497
351,Chill,Querencia,CHUNG HA,['CHUNG HA'],2021-02-15,206347,35,0.0521,0.514,0.893,0.253,179.969,0.746
352,Demente (feat. Guaynaa),Querencia,CHUNG HA,"['CHUNG HA', 'Guaynaa']",2021-02-15,163799,46,0.0398,0.802,0.851,0.0618,100.019,0.697
353,Lemon (feat. Colde),Querencia,CHUNG HA,"['CHUNG HA', 'Colde']",2021-02-15,202445,35,0.0981,0.736,0.927,0.261,97.046,0.786
354,BYULHARANG (160504 + 170607),Querencia,CHUNG HA,['CHUNG HA'],2021-02-15,223101,31,0.557,0.446,0.645,0.118,173.92,0.525
355,All Night Long,Querencia,CHUNG HA,['CHUNG HA'],2021-02-15,225263,31,0.117,0.621,0.875,0.388,140.101,0.656
356,Everybody Has,Querencia,CHUNG HA,['CHUNG HA'],2021-02-15,222454,37,0.638,0.481,0.791,0.33,73.913,0.589
357,Come N Goes,Querencia,CHUNG HA,['CHUNG HA'],2021-02-15,211880,31,0.169,0.578,0.925,0.353,114.984,0.592
358,Querencia (Epilogue),Querencia,CHUNG HA,['CHUNG HA'],2021-02-15,94313,25,0.11,0.594,0.333,0.0805,144.97,0.135
359,Roller Coaster,Offset,CHUNG HA,['CHUNG HA'],2018-01-17,212136,59,0.317,0.633,0.907,0.221,130.001,0.74
360,Dream of You (with R3HAB),Querencia,CHUNG HA,"['CHUNG HA', 'R3HAB']",2021-02-15,192735,60,0.0347,0.659,0.738,0.114,117.081,0.615
361,Snapping,Flourishing,CHUNG HA,['CHUNG HA'],2019-06-24,213164,60,0.0706,0.746,0.726,0.278,104.961,0.578
362,Gotta Go,Gotta Go,CHUNG HA,['CHUNG HA'],2019-01-02,221813,62,0.0741,0.531,0.83,0.0993,101.903,0.419
363,Bad Boy,Bad Boy,CHUNG HA,"['CHUNG HA', 'Christopher']",2020-09-23,182586,59,0.351,0.822,0.574,0.245,116.987,0.743
364,그 끝에 그대,Hotel del Luna (Original Television Soundtrack) Pt.6,CHUNG HA,['CHUNG HA'],2019-08-03,224283,52,0.895,0.621,0.399,0.103,133.884,0.25
365,Wow Thing,Wow Thing,Various Artists,"['SEULGI', 'CHUNG HA']",2018-09-28,171998,55,0.115,0.703,0.894,0.363,104.043,0.737
366,Love U,Blooming Blue,CHUNG HA,['CHUNG HA'],2018-07-18,190920,47,0.333,0.774,0.92,0.101,120.039,0.685
367,Why Don’t You Know,Hands on Me,CHUNG HA,"['CHUNG HA', 'Nucksal']",2017-06-07,198420,45,0.32,0.703,0.923,0.367,100.038,0.623
368,Chica,Flourishing,CHUNG HA,['CHUNG HA'],2019-06-24,192484,49,0.173,0.556,0.842,0.31,95.037,0.66
369,You're In My Soul,Record of Youth (Original Television Soundtrack) Pt. 2,CHUNG HA,['CHUNG HA'],2020-09-15,208786,35,0.231,0.676,0.847,0.111,115.977,0.411
370,Be Yourself,Be Yourself.newwav,CHUNG HA,['CHUNG HA'],2020-06-09,205186,29,0.114,0.596,0.874,0.245,115.053,0.646
371,My Friend,My Friend,CHUNG HA,"['CHUNG HA', 'pH-1']",2020-05-30,149000,43,0.469,0.854,0.618,0.12,131.981,0.836
372,Everybody Has,Querencia,CHUNG HA,['CHUNG HA'],2021-02-15,222454,37,0.638,0.481,0.791,0.33,73.913,0.589
373,나의 그대,낭만닥터 김사부 2 (Original Television Soundtrack) Pt.8,CHUNG HA,['CHUNG HA'],2020-02-04,220963,37,0.912,0.502,0.301,0.107,119.719,0.376
374,Loveship,Loveship,Paul Kim,"['Paul Kim', 'CHUNG HA']",2020-01-21,259866,37,0.881,0.384,0.384,0.0947,129.12,0.0759
375,These Nights,These Nights,88rising,"['88rising', 'Rich Brian']",2019-10-03,223006,41,0.000317,0.656,0.673,0.28,83.018,0.494
376,FAST,FAST,CHUNG HA,"['CHUNG HA', 'Mommy Son']",2019-09-08,184199,24,0.0228,0.705,0.898,0.326,128.023,0.542
377,RUN,RUN,Grizzly,"['Grizzly', 'CHUNG HA']",2019-08-22,176626,32,0.318,0.678,0.74,0.508,99.982,0.365
378,Young In Love,Flourishing,CHUNG HA,['CHUNG HA'],2019-06-24,198819,30,0.359,0.734,0.768,0.156,97.986,0.728
379,Call It Love,Flourishing,CHUNG HA,['CHUNG HA'],2019-06-24,241093,29,0.729,0.472,0.589,0.14,131.195,0.355
380,Flourishing,Flourishing,CHUNG HA,['CHUNG HA'],2019-06-24,195496,38,0.394,0.627,0.746,0.0866,140.074,0.509
381,NA YEOSS EU MYEON,[Vol.14] You Hee yul's Sketchbook 10th Anniversary Project : 6th Voice 'Sketchbook X CHUNG HA',CHUNG HA,['CHUNG HA'],2019-04-20,259885,0,0.429,0.423,0.759,0.309,137.727,0.322
382,A REUM DA UN I BYEOL,[Vol.13] You Hee yul's Sketchbook 10th Anniversary Project : 6th Voice 'Sketchbook X CHUNG HA',CHUNG HA,['CHUNG HA'],2019-04-13,205749,0,0.774,0.654,0.648,0.122,115.011,0.449
383,Whatcha Doin',Whatcha Doin',YESUNG,"['YESUNG', 'CHUNG HA']",2018-12-17,209808,37,0.622,0.553,0.889,0.0851,99.329,0.742
384,It’s You,"Where Stars Land, Pt. 1 (Original Television Soundtrack)",CHUNG HA,['CHUNG HA'],2018-10-08,202904,30,0.631,0.584,0.709,0.208,107.919,0.26
385,BB,Blooming Blue,CHUNG HA,['CHUNG HA'],2018-07-18,77499,24,0.0763,0.471,0.64,0.0984,100.126,0.301
386,Cherry Kisses,Blooming Blue,CHUNG HA,['CHUNG HA'],2018-07-18,194429,29,0.407,0.577,0.909,0.16,100.012,0.708
387,Drive,Blooming Blue,CHUNG HA,['CHUNG HA'],2018-07-18,196460,26,0.235,0.779,0.84,0.189,109.999,0.821
388,From Now On,Blooming Blue,CHUNG HA,['CHUNG HA'],2018-07-18,209002,25,0.678,0.569,0.527,0.11,125.951,0.414
389,How about you,Luvpub OST Part.3,CHUNG HA,['CHUNG HA'],2018-04-18,199018,0,0.861,0.46,0.425,0.0828,133.588,0.298
390,Offset,Offset,CHUNG HA,['CHUNG HA'],2018-01-17,69612,23,0.293,0.777,0.404,0.143,93.041,0.076
391,Do It,Offset,CHUNG HA,['CHUNG HA'],2018-01-17,213748,27,0.317,0.672,0.724,0.267,159.051,0.451
392,Bad Boy,Offset,CHUNG HA,['CHUNG HA'],2018-01-17,187224,24,0.209,0.738,0.898,0.32,107.018,0.506
393,Remind of You,Offset,CHUNG HA,['CHUNG HA'],2018-01-17,243440,26,0.883,0.486,0.277,0.123,133.762,0.396
394,Hands on Me,Hands on Me,CHUNG HA,['CHUNG HA'],2017-06-07,68251,21,0.00605,0.822,0.614,0.186,131.099,0.473
395,Make a Wish,Hands on Me,CHUNG HA,['CHUNG HA'],2017-06-07,185206,23,0.517,0.707,0.925,0.159,92.012,0.668
396,Cosmic Dust,Hands on Me,CHUNG HA,['CHUNG HA'],2017-06-07,223934,22,0.881,0.45,0.404,0.1,171.947,0.368
397,Week,Week,CHUNG HA,['CHUNG HA'],2017-04-21,202547,27,0.836,0.592,0.483,0.14,82.831,0.388
398,Week,Week,CHUNG HA,['CHUNG HA'],2017-04-21,202547,27,0.836,0.592,0.483,0.14,82.831,0.388
399,Pit-A-Pat,"Strong Woman Do Bong Soon, Pt. 4 (Original Television Soundtrack)",CHUNG HA,['CHUNG HA'],2017-03-17,210429,40,0.314,0.653,0.727,0.209,82.983,0.703
400,REMEDY,Boyhood,CHANGMO,"['CHANGMO', 'CHUNG HA']",2019-11-29,201971,38,0.128,0.741,0.534,0.056,136.037,0.496
401,LALALA,LA VIDA LOCA,Babylon,"['Babylon', 'CHUNG HA']",2017-08-31,214782,22,0.129,0.769,0.895,0.196,104.948,0.631
402,Keeping Tabs,Nicole,NIKI,['NIKI'],2022-08-12,177720,65,0.0892,0.651,0.627,0.0941,169.955,0.441
403,Oceans & Engines,Oceans & Engines,NIKI,['NIKI'],2022-07-08,336000,71,0.637,0.395,0.309,0.0931,142.012,0.0673
404,High School in Jakarta,High School in Jakarta,NIKI,['NIKI'],2022-08-05,219036,76,0.527,0.871,0.485,0.169,119.976,0.494
405,Every Summertime,Every Summertime,NIKI,['NIKI'],2021-08-10,215686,79,0.393,0.628,0.676,0.0978,78.996,0.723
406,lowkey,lowkey,NIKI,['NIKI'],2019-04-24,171355,77,0.432,0.752,0.494,0.0869,117.901,0.227
407,I Like U,I Like U,NIKI,['NIKI'],2017-09-27,267732,71,0.071,0.48,0.526,0.0879,199.662,0.374
408,urs,wanna take this downtown?,NIKI,['NIKI'],2019-05-17,156500,68,0.834,0.72,0.415,0.0893,94.88,0.235
409,Before,Before,NIKI,['NIKI'],2022-06-03,234057,57,0.485,0.67,0.602,0.119,140.012,0.321
410,Lose,MOONCHILD,NIKI,['NIKI'],2020-09-10,256001,65,0.846,0.41,0.316,0.124,133.288,0.22
411,California (feat. Warren Hue),California (feat. Warren Hue),88rising,"['88rising', 'Rich Brian', 'NIKI']",2021-05-27,230395,62,0.633,0.743,0.631,0.0963,141.955,0.428
412,La La Lost You - Acoustic Version,NIKI Acoustic Sessions: Head In The Clouds II,NIKI,"['NIKI', '88rising']",2019-08-11,208510,70,0.908,0.606,0.196,0.348,100.873,0.391
413,La La Lost You,Head In The Clouds II,88rising,"['88rising', 'NIKI']",2019-10-11,200000,67,0.315,0.721,0.582,0.065,100.083,0.487
414,Vintage,Zephyr,NIKI,['NIKI'],2018-05-23,177320,61,0.0114,0.771,0.816,0.339,104.958,0.438
415,Chilly,Chilly,NIKI,['NIKI'],2017-12-18,230000,57,0.617,0.734,0.271,0.101,103.241,0.237
416,La Cienega,Head In The Clouds,88rising,"['88rising', 'Joji', 'NIKI']",2018-07-20,192606,59,0.506,0.61,0.318,0.102,109.491,0.214
417,Split,Split,88rising,"['88rising', 'NIKI']",2021-11-18,207013,63,0.431,0.691,0.509,0.0885,113.961,0.473
418,Around,Zephyr,NIKI,['NIKI'],2018-05-23,183546,56,0.887,0.485,0.125,0.108,130.234,0.153
419,Indigo,Head In The Clouds II,88rising,"['88rising', 'NIKI']",2019-10-11,173473,62,0.0958,0.819,0.664,0.263,144.988,0.71
420,See U Never,See U Never,NIKI,['NIKI'],2017-07-11,221620,54,0.295,0.795,0.735,0.0719,129.982,0.243
421,odds,wanna take this downtown?,NIKI,['NIKI'],2019-05-17,183271,49,0.441,0.593,0.469,0.141,165.038,0.401
422,Dancing With The Devil,Zephyr,NIKI,['NIKI'],2018-05-23,162466,50,0.217,0.76,0.558,0.119,102.057,0.462
423,Pandemonium,MOONCHILD,NIKI,['NIKI'],2020-09-10,227000,48,0.796,0.699,0.515,0.164,78.0,0.517
424,California (feat. Jackson Wang & Warren Hue) - [Remix],California (feat. Jackson Wang & Warren Hue) [Remix],88rising,"['88rising', 'Rich Brian', 'NIKI']",2021-07-15,273927,52,0.606,0.773,0.629,0.189,141.958,0.589
425,Strange Land - Acoustic Version,NIKI Acoustic Sessions: Head In The Clouds II,NIKI,"['NIKI', '88rising']",2019-08-11,173419,50,0.915,0.505,0.207,0.126,74.839,0.185
426,Say My Name,Zephyr,NIKI,['NIKI'],2018-05-23,192453,51,0.331,0.637,0.457,0.0969,149.893,0.314
427,Plans (feat. Vory),Head In The Clouds,88rising,"['88rising', 'NIKI', 'Vory']",2018-07-20,138390,51,0.145,0.917,0.541,0.0409,101.005,0.752
428,Little Prince (feat. NIKI),Amen,Rich Brian,"['Rich Brian', 'NIKI']",2018-02-02,172444,49,0.166,0.909,0.414,0.109,139.963,0.761
429,Shouldn't Couldn't Wouldn't - Acoustic Version,NIKI Acoustic Sessions: Head In The Clouds II,NIKI,"['NIKI', '88rising']",2019-08-11,162000,51,0.911,0.636,0.21,0.0837,76.379,0.25
430,Newsflash!,Zephyr,NIKI,['NIKI'],2018-05-23,204426,52,0.086,0.734,0.373,0.0913,79.998,0.481
431,COMING HOME (feat. NIKI),"LET’S JUST SAY THE WORLD ENDED A WEEK FROM NOW, WHAT WOULD YOU DO?",HONNE,"['HONNE', 'NIKI']",2021-10-22,210019,58,0.17,0.826,0.329,0.0927,106.935,0.558
432,Plot Twist,MOONCHILD,NIKI,['NIKI'],2020-09-09,207213,54,0.648,0.801,0.488,0.0902,96.987,0.357
433,Shouldn't Couldn't Wouldn't,Head In The Clouds II,88rising,"['88rising', 'NIKI', 'Rich Brian']",2019-10-11,195052,52,0.41,0.454,0.379,0.0837,169.055,0.275
434,Spell,Zephyr,NIKI,['NIKI'],2018-05-23,226813,49,0.267,0.736,0.359,0.109,132.011,0.414
435,move!,wanna take this downtown?,NIKI,['NIKI'],2019-05-17,156176,49,0.523,0.829,0.49,0.0861,126.922,0.801
436,Switchblade,MOONCHILD,NIKI,['NIKI'],2020-09-10,204299,46,0.346,0.694,0.69,0.0397,97.027,0.304
437,Strange Land,Head In The Clouds II,88rising,"['88rising', 'NIKI', 'Phum Viphurit']",2019-10-11,175733,53,0.903,0.65,0.265,0.115,75.002,0.156
438,Warpaint,Head In The Clouds,88rising,"['88rising', 'NIKI']",2018-07-20,213787,46,0.082,0.68,0.658,0.109,128.921,0.278
439,Swan Song,Shang-Chi and The Legend of The Ten Rings: The Album,88rising,"['Saweetie', 'NIKI']",2021-09-03,167586,50,0.0378,0.714,0.587,0.167,151.898,0.542
440,Drive On,MOONCHILD,NIKI,['NIKI'],2020-09-10,217693,44,0.384,0.681,0.413,0.0978,114.994,0.226
441,Hallway Weather,Hallway Weather,NIKI,['NIKI'],2020-12-15,233673,46,0.455,0.507,0.359,0.0904,139.561,0.165
442,Selene,Selene,NIKI,['NIKI'],2020-07-16,197454,47,0.156,0.798,0.504,0.0825,110.022,0.548
443,Always Rising,Shang-Chi and The Legend of The Ten Rings: The Album,88rising,"['NIKI', 'Rich Brian', 'Warren Hue']",2021-09-03,184080,50,0.28,0.376,0.694,0.102,75.625,0.0399
444,If There's Nothing Left...,MOONCHILD,NIKI,['NIKI'],2020-09-10,210440,43,0.456,0.499,0.396,0.0946,80.025,0.287
445,I Want In,Head In The Clouds,88rising,"['88rising', 'AUGUST 08', 'NIKI']",2018-07-20,150295,41,0.42,0.493,0.69,0.126,76.85,0.478
446,No More (feat. NIKI),Five Stars,Higher Brothers,"['Higher Brothers', 'NIKI']",2019-02-22,229859,38,0.436,0.75,0.651,0.0776,142.118,0.61
447,Clocked Out!,Shang-Chi and The Legend of The Ten Rings: The Album,88rising,"['AUDREY NUNA', 'NIKI']",2021-09-03,190080,44,0.0351,0.743,0.72,0.287,127.983,0.117
448,Forever (feat. NIKI),Chameleon,End of the World,"['End of the World', 'NIKI']",2020-11-27,176186,34,0.258,0.582,0.762,0.364,81.009,0.372
449,Poolside Manor,Head In The Clouds,88rising,"['88rising', 'AUGUST 08', 'NIKI']",2018-07-20,170527,39,0.417,0.588,0.541,0.107,77.478,0.0816
450,I Love You 3000,I Love You 3000,Stephanie Poetri,['Stephanie Poetri'],2019-06-03,209734,68,0.911,0.648,0.382,0.393,90.099,0.408
451,I Love You 3000 II,Head In The Clouds II,88rising,"['88rising', 'Stephanie Poetri', 'Jackson Wang']",2019-10-11,209642,63,0.853,0.435,0.338,0.412,179.727,0.354
452,Bad Haircut (feat. JVKE),oh to be in love,Stephanie Poetri,"['Stephanie Poetri', 'JVKE']",2022-03-18,222167,53,0.85,0.629,0.43,0.117,76.983,0.451
453,Do You Love Me,Do You Love Me,Stephanie Poetri,['Stephanie Poetri'],2020-02-14,144383,48,0.691,0.691,0.572,0.168,102.018,0.697
454,Breakfast in Bed,Breakfast in Bed,Stephanie Poetri,"['Stephanie Poetri', 'gnash']",2022-10-28,163642,47,0.851,0.768,0.501,0.17,120.129,0.828
455,Picture Myself,Picture Myself,Stephanie Poetri,['Stephanie Poetri'],2022-01-13,211337,41,0.948,0.674,0.343,0.124,146.019,0.292
456,Bimbang,Bimbang,Goodbye Felicia,"['Goodbye Felicia', 'Stephanie Poetri']",2015-12-15,203533,43,0.125,0.455,0.619,0.101,86.396,0.47
457,Selfish,Selfish,Stephanie Poetri,['Stephanie Poetri'],2020-12-01,146727,40,0.352,0.622,0.529,0.165,82.324,0.683
458,Honeymoon,oh to be in love,Stephanie Poetri,['Stephanie Poetri'],2022-03-18,189791,34,0.367,0.694,0.575,0.123,116.958,0.31
459,3PM,AM:PM,Stephanie Poetri,['Stephanie Poetri'],2021-03-12,196256,32,0.69,0.698,0.44,0.134,80.067,0.586
460,Touch,Do You Love Me,Stephanie Poetri,['Stephanie Poetri'],2020-02-14,174005,34,0.506,0.839,0.342,0.101,92.455,0.715
461,Straight To You,Straight To You,Stephanie Poetri,['Stephanie Poetri'],2020-04-24,165141,34,0.149,0.66,0.642,0.0747,90.014,0.401
462,Please Don't Die Before I Do,oh to be in love,Stephanie Poetri,['Stephanie Poetri'],2022-03-18,128466,28,0.787,0.42,0.216,0.0798,81.613,0.437
463,IRL,IRL,Stephanie Poetri,['Stephanie Poetri'],2021-02-11,198709,29,0.436,0.661,0.661,0.0896,93.043,0.548
464,Matamu - Acoustic,AM:PM (Acoustic),Stephanie Poetri,['Stephanie Poetri'],2021-09-28,225440,29,0.776,0.627,0.373,0.147,114.908,0.558
465,How We Used To,How We Used To,Stephanie Poetri,['Stephanie Poetri'],2021-01-14,169655,29,0.741,0.721,0.49,0.108,75.005,0.502
466,Little Lifetimes,oh to be in love,Stephanie Poetri,['Stephanie Poetri'],2022-03-18,158769,28,0.759,0.352,0.35,0.113,91.525,0.376
467,Appreciate - English Version,Appreciate (English Version),Stephanie Poetri,['Stephanie Poetri'],2019-04-19,235627,30,0.174,0.664,0.831,0.123,119.991,0.388
468,Daydreaming,AM:PM,Stephanie Poetri,['Stephanie Poetri'],2021-03-12,170181,23,0.823,0.758,0.584,0.18,109.949,0.631
469,Paranoia,AM:PM,Stephanie Poetri,['Stephanie Poetri'],2021-03-12,176080,24,0.348,0.614,0.42,0.212,150.054,0.336
